result_id,olympian_id,year,event_id,medal
1,117939,1932,80,No medal
2,104044,1932,41,No medal
3,102888,1932,35,No medal
4,103894,1932,887,Silver
5,103884,1932,35,No medal
6,103970,1932,25,Silver
7,103293,1932,837,Gold
8,103577,1932,35,No medal
9,103577,1932,35,No medal
10,103737,1932,837,Silver
11,103123,1932,41,No medal
12,103123,1932,41,No medal
13,103123,1932,41,No medal
14,103371,1932,41,No medal
15,103371,1932,40,Bronze
16,103386,1932,883,No medal
17,103304,1932,41,No medal
18,103304,1932,41,No medal
19,103304,1932,41,No medal
20,103304,1932,41,No medal
21,103304,1932,41,No medal
22,103241,1932,41,No medal
23,103065,1932,35,No medal
24,103065,1932,35,No medal
25,103065,1932,35,No medal
26,103065,1932,35,No medal
27,103065,1932,35,No medal
28,103065,1932,35,No medal
29,103065,1932,35,No medal
30,103065,1932,35,No medal
31,102824,1932,19,No medal
32,103099,1932,41,No medal
33,103357,1932,35,No medal
34,102914,1932,85,No medal
35,103985,1932,41,No medal
36,103286,1932,70,No medal
37,103286,1932,67,No medal
38,103572,1932,18,No medal
39,103948,1932,41,No medal
40,103948,1932,41,No medal
41,103948,1932,41,No medal
42,102952,1932,80,No medal
43,102952,1932,87,Bronze
44,102884,1932,20,No medal
45,103650,1932,19,No medal
46,85046,1932,105,No medal
47,85046,1932,92,Gold
48,84917,1932,105,Bronze
49,86116,1932,547,Bronze
50,85922,1932,35,No medal
51,87337,1932,41,No medal
52,86717,1932,409,Bronze
53,85968,1932,35,No medal
54,85968,1932,35,No medal
55,85141,1932,41,No medal
56,85317,1932,35,No medal
57,86812,1932,547,Bronze
58,86812,1932,548,Silver
59,86632,1932,35,No medal
60,86632,1932,35,No medal
61,86632,1932,35,No medal
62,86632,1932,35,No medal
63,86632,1932,547,Bronze
64,86632,1932,548,Silver
65,86175,1932,79,No medal
66,86866,1932,409,Bronze
67,86866,1932,408,No medal
68,85247,1932,103,No medal
69,85450,1932,35,No medal
70,87264,1932,82,No medal
71,85305,1932,409,Bronze
72,85305,1932,408,No medal
73,85478,1932,35,No medal
74,85478,1932,35,No medal
75,86060,1932,35,No medal
76,86060,1932,35,No medal
77,86021,1932,19,No medal
78,87454,1932,41,No medal
79,85960,1932,35,No medal
80,87014,1932,550,Bronze
81,86897,1932,41,No medal
82,86634,1932,35,No medal
83,84912,1932,35,No medal
84,84912,1932,35,No medal
85,87063,1932,409,Bronze
86,87063,1932,408,No medal
87,87458,1932,66,Gold
88,85735,1932,35,No medal
89,87160,1932,25,No medal
90,85336,1932,35,No medal
91,86908,1932,25,No medal
92,85406,1932,35,No medal
93,85406,1932,33,Silver
94,85515,1932,547,Bronze
95,86180,1932,41,No medal
96,86180,1932,38,Gold
97,86710,1932,41,No medal
98,86710,1932,40,No medal
99,86002,1932,41,No medal
100,86721,1932,41,No medal
101,86721,1932,41,No medal
102,85590,1932,35,No medal
103,86786,1932,80,No medal
104,86786,1932,87,No medal
105,85859,1932,35,No medal
106,87492,1932,35,No medal
107,86526,1932,409,Bronze
108,87268,1932,409,Bronze
109,86594,1932,35,No medal
110,86436,1932,34,No medal
111,86466,1932,550,Bronze
112,86640,1932,547,Bronze
113,86640,1932,548,Silver
114,85426,1932,35,No medal
115,86792,1932,34,No medal
116,87418,1932,35,No medal
117,12323,1932,79,No medal
118,11911,1932,717,No medal
119,11911,1932,709,No medal
120,13518,1932,551,No medal
121,13662,1932,820,No medal
122,13007,1932,548,No medal
123,14061,1932,820,No medal
124,11790,1932,820,No medal
125,13414,1932,546,No medal
126,13119,1932,84,No medal
127,14043,1932,548,No medal
128,13350,1932,78,No medal
129,13350,1932,74,No medal
130,13335,1932,546,No medal
131,13589,1932,547,No medal
132,11884,1932,546,No medal
133,11884,1932,547,No medal
134,12100,1932,709,No medal
135,12623,1932,75,No medal
136,12623,1932,68,No medal
137,13304,1932,706,No medal
138,13304,1932,717,No medal
139,12199,1932,86,No medal
140,12150,1932,717,No medal
141,11915,1932,546,No medal
142,12625,1932,83,No medal
143,11857,1932,67,No medal
144,13590,1932,85,No medal
145,12764,1932,639,No medal
146,14045,1932,717,No medal
147,13103,1932,87,No medal
148,13137,1932,547,No medal
149,12497,1932,727,No medal
150,12497,1932,722,No medal
151,12497,1932,725,No medal
152,12045,1932,820,No medal
153,13569,1932,67,No medal
154,13163,1932,644,No medal
155,13211,1932,551,No medal
156,13550,1932,64,No medal
157,13550,1932,78,No medal
158,13512,1932,68,No medal
159,13164,1932,81,No medal
160,13696,1932,711,No medal
161,12809,1932,547,No medal
162,12984,1932,546,No medal
163,13113,1932,75,No medal
164,12563,1932,639,No medal
165,13165,1932,706,No medal
166,11874,1932,820,No medal
167,13354,1932,86,No medal
168,12492,1932,547,No medal
169,12376,1932,546,No medal
170,12717,1932,546,No medal
171,12661,1932,548,No medal
172,13870,1932,67,No medal
173,11795,1932,546,No medal
174,12236,1932,639,No medal
175,12346,1932,820,No medal
176,12517,1932,85,No medal
177,12884,1932,546,No medal
178,12123,1932,644,No medal
179,13287,1932,66,No medal
180,12502,1932,64,No medal
181,11947,1932,820,No medal
182,13925,1932,644,No medal
183,13203,1932,820,No medal
184,26058,1932,25,No medal
185,26039,1932,25,No medal
186,25311,1932,25,No medal
187,38730,1932,35,No medal
188,38730,1932,35,No medal
189,39090,1932,80,Bronze
190,39090,1932,87,No medal
191,36367,1932,197,No medal
192,35734,1932,71,No medal
193,35715,1932,412,No medal
194,38329,1932,41,No medal
195,38329,1932,41,No medal
196,38329,1932,41,No medal
197,38329,1932,41,No medal
198,35638,1932,550,No medal
199,37983,1932,550,No medal
200,37589,1932,35,No medal
201,37589,1932,35,No medal
202,37744,1932,41,No medal
203,37744,1932,41,No medal
204,37744,1932,41,No medal
205,37744,1932,41,No medal
206,35481,1932,704,No medal
207,35481,1932,718,Silver
208,39091,1932,411,Gold
209,39254,1932,835,Gold
210,36955,1932,711,No medal
211,35418,1932,411,Gold
212,35418,1932,410,No medal
213,37592,1932,19,No medal
214,37592,1932,19,No medal
215,37592,1932,17,Gold
216,36154,1932,35,No medal
217,37310,1932,76,No medal
218,37924,1932,294,Bronze
219,35320,1932,77,No medal
220,37635,1932,35,No medal
221,36717,1932,369,No medal
222,36215,1932,894,No medal
223,36215,1932,895,No medal
224,35702,1932,408,No medal
225,35702,1932,411,Gold
226,35702,1932,407,Gold
227,37894,1932,35,No medal
228,37894,1932,35,No medal
229,37048,1932,609,No medal
230,36217,1932,307,Gold
231,38504,1932,35,No medal
232,37698,1932,892,Gold
233,38664,1932,706,No medal
234,37856,1932,80,No medal
235,37856,1932,87,No medal
236,39256,1932,35,No medal
237,39256,1932,35,No medal
238,36221,1932,196,No medal
239,35367,1932,41,No medal
240,36125,1932,308,Silver
241,36125,1932,305,No medal
242,36125,1932,304,No medal
243,38231,1932,78,No medal
244,37165,1932,41,No medal
245,37165,1932,41,No medal
246,38232,1932,35,No medal
247,37479,1932,35,No medal
248,36126,1932,19,No medal
249,36126,1932,19,No medal
250,36126,1932,17,Gold
251,35717,1932,41,No medal
252,36027,1932,205,No medal
253,37111,1932,41,No medal
254,35444,1932,82,No medal
255,39173,1932,204,No medal
256,39314,1932,35,No medal
257,37546,1932,78,No medal
258,35705,1932,395,Gold
259,35705,1932,394,Silver
260,38057,1932,41,No medal
261,38672,1932,41,No medal
262,38672,1932,35,No medal
263,38672,1932,35,No medal
264,38672,1932,35,No medal
265,37752,1932,395,Gold
266,37752,1932,394,Gold
267,37399,1932,407,Gold
268,35844,1932,604,Gold
269,36520,1932,35,No medal
270,38859,1932,308,Silver
271,37518,1932,207,No medal
272,35487,1932,41,No medal
273,37899,1932,25,No medal
274,39236,1932,78,No medal
275,36681,1932,395,Gold
276,36681,1932,394,No medal
277,37440,1932,411,Gold
278,38164,1932,35,No medal
279,38164,1932,35,No medal
280,38164,1932,35,No medal
281,38164,1932,35,No medal
282,38905,1932,35,No medal
283,38905,1932,35,No medal
284,38905,1932,35,No medal
285,36858,1932,840,Gold
286,38372,1932,609,No medal
287,39284,1932,734,No medal
288,39284,1932,725,No medal
289,35617,1932,548,Bronze
290,35650,1932,408,No medal
291,35650,1932,407,Gold
292,35650,1932,406,No medal
293,39240,1932,843,No medal
294,37703,1932,881,Bronze
295,38544,1932,41,No medal
296,38544,1932,35,No medal
297,37877,1932,308,Silver
298,37877,1932,305,No medal
299,37877,1932,304,No medal
300,36354,1932,35,No medal
301,35328,1932,198,No medal
302,38167,1932,35,No medal
303,35349,1932,841,Gold
304,37618,1932,521,No medal
305,38278,1932,35,No medal
306,38278,1932,35,No medal
307,38278,1932,35,No medal
308,38493,1932,837,No medal
309,37642,1932,80,No medal
310,37642,1932,87,No medal
311,38879,1932,35,No medal
312,36728,1932,35,No medal
313,35709,1932,41,No medal
314,35745,1932,880,No medal
315,38603,1932,35,No medal
316,38603,1932,35,No medal
317,35971,1932,35,No medal
318,35971,1932,35,No medal
319,37187,1932,35,No medal
320,38975,1932,304,No medal
321,38479,1932,41,No medal
322,36774,1932,308,Silver
323,36774,1932,305,No medal
324,36774,1932,304,No medal
325,39430,1932,882,No medal
326,37260,1932,307,Gold
327,37260,1932,306,Silver
328,36993,1932,411,Gold
329,36993,1932,410,No medal
330,36993,1932,407,Gold
331,36993,1932,406,No medal
332,36382,1932,711,No medal
333,35929,1932,411,Gold
334,35929,1932,410,Silver
335,37974,1932,548,Bronze
336,36658,1932,548,Bronze
337,36228,1932,407,Gold
338,36228,1932,406,No medal
339,37020,1932,41,No medal
340,38566,1932,407,Gold
341,35897,1932,85,No medal
342,35932,1932,19,No medal
343,35932,1932,19,No medal
344,35932,1932,17,Gold
345,37301,1932,75,No medal
346,91695,1932,74,No medal
347,91695,1932,70,No medal
348,91565,1932,609,No medal
349,92172,1932,204,Gold
350,91824,1932,205,Bronze
351,91655,1932,734,Bronze
352,91655,1932,725,No medal
353,91531,1932,70,No medal
354,91531,1932,67,No medal
355,92214,1932,79,No medal
356,92214,1932,80,No medal
357,92214,1932,87,No medal
358,91975,1932,609,No medal
359,91975,1932,604,No medal
360,91510,1932,198,No medal
361,92088,1932,108,No medal
362,92088,1932,103,Bronze
363,92088,1932,92,No medal
364,91762,1932,201,Gold
365,91735,1932,207,No medal
366,61412,1932,644,No medal
367,60528,1932,546,Silver
368,60893,1932,547,Silver
369,61662,1932,81,No medal
370,59678,1932,73,No medal
371,62524,1932,604,No medal
372,59699,1932,893,No medal
373,60183,1932,82,No medal
374,62543,1932,447,No medal
375,62543,1932,441,No medal
376,62543,1932,449,Gold
377,62543,1932,444,No medal
378,62627,1932,72,Bronze
379,60614,1932,35,No medal
380,60184,1932,407,Silver
381,61246,1932,88,No medal
382,62488,1932,521,No medal
383,62139,1932,305,Gold
384,62139,1932,304,Silver
385,60763,1932,547,Silver
386,63117,1932,72,Bronze
387,59840,1932,409,Silver
388,59840,1932,408,No medal
389,59722,1932,199,Silver
390,62209,1932,201,Silver
391,63329,1932,20,No medal
392,61493,1932,198,No medal
393,61039,1932,85,No medal
394,62306,1932,77,No medal
395,62919,1932,411,Silver
396,59682,1932,411,Silver
397,59682,1932,410,No medal
398,59945,1932,549,Bronze
399,60486,1932,77,No medal
400,62035,1932,41,No medal
401,63178,1932,81,No medal
402,63120,1932,547,Silver
403,61775,1932,409,Silver
404,61775,1932,407,Silver
405,62211,1932,841,Bronze
406,63143,1932,407,Silver
407,61267,1932,704,No medal
408,61267,1932,718,No medal
409,59504,1932,306,Bronze
410,59591,1932,308,Gold
411,60088,1932,305,Gold
412,60088,1932,304,Gold
413,62479,1932,547,Silver
414,59920,1932,551,No medal
415,60657,1932,521,No medal
416,62344,1932,521,No medal
417,63267,1932,305,Gold
418,63267,1932,304,No medal
419,60318,1932,881,Silver
420,62683,1932,445,Gold
421,62683,1932,441,No medal
422,62683,1932,449,Gold
423,62683,1932,444,Gold
424,59777,1932,639,Gold
425,61318,1932,551,No medal
426,60191,1932,411,Silver
427,62465,1932,546,Silver
428,62311,1932,196,No medal
429,59519,1932,639,Bronze
430,60453,1932,409,Silver
431,60453,1932,407,Silver
432,60453,1932,406,Gold
433,62718,1932,72,Bronze
434,62082,1932,35,No medal
435,62082,1932,35,No medal
436,61709,1932,205,No medal
437,59907,1932,71,No medal
438,59613,1932,445,No medal
439,59613,1932,443,No medal
440,59613,1932,441,Bronze
441,59613,1932,449,Gold
442,59613,1932,444,No medal
443,60471,1932,447,Bronze
444,60471,1932,442,No medal
445,61633,1932,442,No medal
446,61633,1932,445,No medal
447,61633,1932,443,Gold
448,61633,1932,441,No medal
449,61633,1932,449,Gold
450,61633,1932,444,No medal
451,62385,1932,407,Silver
452,62385,1932,406,No medal
453,61601,1932,891,Bronze
454,61218,1932,883,Gold
455,60455,1932,308,Gold
456,60752,1932,549,Bronze
457,60133,1932,409,Silver
458,60133,1932,408,Silver
459,60133,1932,407,Silver
460,60133,1932,406,Bronze
461,62063,1932,546,Silver
462,62151,1932,899,Bronze
463,62168,1932,843,Silver
464,61377,1932,841,No medal
465,62064,1932,71,No medal
466,63293,1932,77,Bronze
467,60517,1932,85,No medal
468,60349,1932,73,No medal
469,60349,1932,75,No medal
470,60716,1932,207,No medal
471,62833,1932,40,No medal
472,63043,1932,35,No medal
473,63043,1932,35,No medal
474,63043,1932,35,No medal
475,62494,1932,887,No medal
476,61175,1932,547,Silver
477,60260,1932,546,Silver
478,60518,1932,409,Silver
479,60518,1932,408,No medal
480,59749,1932,73,No medal
481,63275,1932,549,Bronze
482,61602,1932,704,No medal
483,61602,1932,718,No medal
484,62471,1932,549,Bronze
485,62266,1932,411,Silver
486,62266,1932,410,Gold
487,60328,1932,294,No medal
488,60919,1932,546,Silver
489,60887,1932,308,Gold
490,63105,1932,304,No medal
491,59713,1932,72,Bronze
492,62371,1932,73,No medal
493,59527,1932,447,No medal
494,59527,1932,441,No medal
495,59527,1932,449,Gold
496,59527,1932,444,No medal
497,59810,1932,644,No medal
498,62763,1932,644,No medal
499,62227,1932,546,Silver
500,60115,1932,308,Gold
501,62045,1932,35,No medal
502,62045,1932,35,No medal
503,59735,1932,446,Silver
504,60666,1932,639,No medal
505,60934,1932,204,No medal
506,62228,1932,835,No medal
507,59546,1932,41,No medal
508,61385,1932,35,No medal
509,61385,1932,35,No medal
510,60921,1932,64,Gold
511,63152,1932,19,No medal
512,62669,1932,71,No medal
513,61349,1932,546,Silver
514,62298,1932,546,Silver
515,61480,1932,546,Silver
516,61065,1932,409,Silver
517,61162,1932,197,No medal
518,60417,1932,411,Silver
519,60417,1932,410,Bronze
520,52223,1932,34,No medal
521,43173,1932,85,No medal
522,39812,1932,35,No medal
523,40560,1932,727,No medal
524,42523,1932,717,No medal
525,42523,1932,709,No medal
526,40837,1932,98,Bronze
527,40837,1932,103,No medal
528,39658,1932,35,No medal
529,39658,1932,35,No medal
530,39842,1932,718,No medal
531,43081,1932,731,Bronze
532,40564,1932,64,No medal
533,40840,1932,882,No medal
534,43714,1932,717,No medal
535,43714,1932,709,No medal
536,39639,1932,73,Silver
537,39639,1932,74,No medal
538,40548,1932,555,No medal
539,42072,1932,308,Bronze
540,42072,1932,305,No medal
541,42072,1932,304,No medal
542,42181,1932,35,No medal
543,42181,1932,35,No medal
544,42181,1932,35,No medal
545,43060,1932,35,No medal
546,43060,1932,35,No medal
547,43060,1932,35,No medal
548,42591,1932,546,No medal
549,39621,1932,35,No medal
550,41675,1932,546,No medal
551,43693,1932,35,No medal
552,43693,1932,35,No medal
553,43693,1932,35,No medal
554,42889,1932,546,No medal
555,40720,1932,880,No medal
556,41144,1932,67,No medal
557,40304,1932,609,Silver
558,40304,1932,604,No medal
559,40669,1932,546,No medal
560,41820,1932,73,Silver
561,41820,1932,74,No medal
562,43002,1932,35,No medal
563,43002,1932,35,No medal
564,43002,1932,35,No medal
565,43002,1932,35,No medal
566,43002,1932,35,No medal
567,41899,1932,35,No medal
568,41899,1932,35,No medal
569,41899,1932,33,No medal
570,41367,1932,78,No medal
571,43619,1932,98,Bronze
572,43619,1932,92,No medal
573,41822,1932,34,No medal
574,42077,1932,41,No medal
575,41651,1932,546,No medal
576,42146,1932,35,No medal
577,39645,1932,198,No medal
578,42117,1932,72,No medal
579,42117,1932,67,No medal
580,41927,1932,35,No medal
581,43645,1932,35,No medal
582,41658,1932,35,No medal
583,43533,1932,204,No medal
584,40977,1932,546,No medal
585,40953,1932,207,No medal
586,43760,1932,35,No medal
587,41497,1932,521,No medal
588,41259,1932,546,No medal
589,42321,1932,406,No medal
590,42986,1932,717,No medal
591,42986,1932,718,No medal
592,43385,1932,521,No medal
593,43280,1932,35,No medal
594,43280,1932,35,No medal
595,40673,1932,35,No medal
596,42080,1932,92,No medal
597,43391,1932,308,Bronze
598,41198,1932,609,Silver
599,41241,1932,18,Gold
600,40240,1932,731,Bronze
601,40240,1932,725,No medal
602,42705,1932,308,Bronze
603,42705,1932,305,No medal
604,42705,1932,304,No medal
605,42966,1932,35,No medal
606,43628,1932,35,No medal
607,43628,1932,35,No medal
608,43628,1932,35,No medal
609,42967,1932,98,Bronze
610,42967,1932,92,No medal
611,43110,1932,727,No medal
612,40312,1932,35,No medal
613,43831,1932,308,Bronze
614,43831,1932,294,No medal
615,43831,1932,304,No medal
616,40728,1932,35,No medal
617,42165,1932,68,No medal
618,41796,1932,722,No medal
619,39748,1932,73,Silver
620,39748,1932,78,Gold
621,39998,1932,98,Bronze
622,43490,1932,546,No medal
623,41528,1932,412,Silver
624,42151,1932,77,Gold
625,41074,1932,35,No medal
626,39750,1932,35,No medal
627,39750,1932,35,No medal
628,39750,1932,35,No medal
629,39750,1932,35,No medal
630,40821,1932,549,Gold
631,44026,1932,72,No medal
632,44026,1932,70,No medal
633,44026,1932,67,No medal
634,43632,1932,706,No medal
635,40705,1932,72,No medal
636,40705,1932,68,Bronze
637,42640,1932,717,No medal
638,42640,1932,709,No medal
639,41596,1932,85,Silver
640,40198,1932,71,Silver
641,43335,1932,41,No medal
642,40655,1932,72,No medal
643,40655,1932,70,No medal
644,41400,1932,35,No medal
645,39776,1932,35,No medal
646,39776,1932,35,No medal
647,44118,1932,549,Gold
648,44118,1932,550,Gold
649,42771,1932,35,No medal
650,42771,1932,35,No medal
651,40574,1932,35,No medal
652,40336,1932,722,Bronze
653,40336,1932,731,Bronze
654,40336,1932,725,No medal
655,42084,1932,35,No medal
656,41912,1932,64,Silver
657,41582,1932,722,No medal
658,41582,1932,731,Bronze
659,41582,1932,734,No medal
660,41582,1932,725,No medal
661,40176,1932,550,Gold
662,39652,1932,307,Silver
663,41583,1932,307,Silver
664,41583,1932,306,No medal
665,42298,1932,305,No medal
666,42298,1932,304,No medal
667,41225,1932,412,No medal
668,39900,1932,76,No medal
669,42273,1932,35,No medal
670,42273,1932,35,No medal
671,43208,1932,73,Silver
672,43208,1932,75,No medal
673,43208,1932,68,No medal
674,43141,1932,35,No medal
675,43141,1932,35,No medal
676,41963,1932,549,Gold
677,41267,1932,35,No medal
678,41267,1932,35,No medal
679,41267,1932,35,No medal
680,41267,1932,35,No medal
681,41267,1932,35,No medal
682,41267,1932,35,No medal
683,40292,1932,521,No medal
684,42953,1932,71,No medal
685,42953,1932,76,No medal
686,41454,1932,549,Gold
687,41989,1932,546,No medal
688,40448,1932,35,No medal
689,40448,1932,35,No medal
690,44093,1932,35,No medal
691,5445,1932,92,No medal
692,5824,1932,890,Bronze
693,7005,1932,704,No medal
694,7005,1932,718,No medal
695,7005,1932,709,No medal
696,3153,1932,35,No medal
697,3153,1932,35,No medal
698,4534,1932,555,Gold
699,4240,1932,722,Silver
700,4424,1932,76,No medal
701,6676,1932,294,Gold
702,6676,1932,306,No medal
703,6417,1932,75,No medal
704,6417,1932,74,No medal
705,3988,1932,727,Gold
706,6343,1932,704,No medal
707,6343,1932,718,No medal
708,5335,1932,734,No medal
709,5335,1932,725,No medal
710,5060,1932,64,No medal
711,76039,1932,711,No medal
712,75513,1932,42,No medal
713,75653,1932,704,No medal
714,75653,1932,718,No medal
715,75320,1932,639,No medal
716,75353,1932,78,No medal
717,74694,1932,409,No medal
718,74694,1932,408,No medal
719,74694,1932,411,No medal
720,75242,1932,109,No medal
721,75100,1932,196,No medal
722,74862,1932,68,No medal
723,74814,1932,407,No medal
724,75486,1932,70,No medal
725,74813,1932,644,No medal
726,74813,1932,639,No medal
727,75506,1932,207,No medal
728,76300,1932,64,No medal
729,75008,1932,409,No medal
730,75963,1932,67,No medal
731,76242,1932,411,No medal
732,76242,1932,410,No medal
733,75802,1932,411,No medal
734,75802,1932,410,No medal
735,75802,1932,407,No medal
736,75802,1932,406,No medal
737,75001,1932,204,No medal
738,74739,1932,85,No medal
739,74940,1932,398,No medal
740,75615,1932,397,No medal
741,75615,1932,396,No medal
742,76074,1932,64,No medal
743,75877,1932,67,No medal
744,75669,1932,521,No medal
745,76070,1932,42,No medal
746,75031,1932,70,No medal
747,75655,1932,446,No medal
748,75655,1932,442,No medal
749,76315,1932,66,No medal
750,76315,1932,76,No medal
751,76137,1932,521,No medal
752,75617,1932,73,No medal
753,75617,1932,67,No medal
754,76064,1932,397,No medal
755,76064,1932,396,No medal
756,75664,1932,447,No medal
757,75664,1932,445,No medal
758,75688,1932,369,No medal
759,75456,1932,369,No medal
760,75041,1932,369,No medal
761,76056,1932,898,No medal
762,75575,1932,407,No medal
763,75575,1932,406,No medal
764,75316,1932,78,No medal
765,75518,1932,644,Silver
766,75815,1932,85,No medal
767,74749,1932,639,No medal
768,74997,1932,306,No medal
769,76250,1932,409,No medal
770,76250,1932,408,No medal
771,75377,1932,704,No medal
772,75377,1932,718,No medal
773,75084,1932,644,No medal
774,75752,1932,294,No medal
775,75151,1932,394,No medal
776,76251,1932,76,No medal
777,75466,1932,75,No medal
778,75550,1932,68,No medal
779,75371,1932,368,No medal
780,74987,1932,412,No medal
781,75185,1932,304,No medal
782,76263,1932,409,No medal
783,76263,1932,408,No medal
784,76263,1932,411,No medal
785,76263,1932,410,No medal
786,74817,1932,73,No medal
787,74817,1932,74,No medal
788,75240,1932,81,No medal
789,75278,1932,368,No medal
790,75185,1932,205,No medal
791,75693,1932,84,No medal
792,76071,1932,83,No medal
793,75520,1932,407,No medal
794,75520,1932,406,No medal
795,76227,1932,83,No medal
796,74689,1932,198,Silver
797,75386,1932,397,No medal
798,75386,1932,396,No medal
799,76045,1932,398,No medal
800,74775,1932,73,No medal
801,74775,1932,74,No medal
802,75223,1932,882,No medal
803,75307,1932,197,No medal
804,74673,1932,521,No medal
805,75543,1932,73,No medal
806,75543,1932,74,No medal
807,75401,1932,440,No medal
808,75401,1932,447,No medal
809,75401,1932,445,No medal
810,75300,1932,88,No medal
811,55173,1932,880,Silver
812,55173,1932,883,No medal
813,54570,1932,898,No medal
814,54570,1932,899,No medal
815,53589,1932,717,Bronze
816,53589,1932,709,No medal
817,54441,1932,820,Gold
818,54554,1932,19,No medal
819,54694,1932,894,Bronze
820,53822,1932,644,No medal
821,53396,1932,35,No medal
822,55311,1932,205,No medal
823,54830,1932,881,No medal
824,55522,1932,717,Bronze
825,55522,1932,709,No medal
826,55264,1932,717,Bronze
827,54576,1932,644,Bronze
828,55084,1932,521,No medal
829,53686,1932,304,No medal
830,55369,1932,820,Gold
831,54038,1932,80,No medal
832,54577,1932,409,Gold
833,54577,1932,408,Gold
834,53313,1932,409,Gold
835,53313,1932,408,No medal
836,55280,1932,410,No medal
837,55280,1932,521,No medal
838,54137,1932,448,No medal
839,54137,1932,442,No medal
840,54137,1932,445,No medal
841,54137,1932,443,No medal
842,54137,1932,441,No medal
843,54137,1932,449,No medal
844,54137,1932,444,No medal
845,54138,1932,450,No medal
846,54138,1932,446,Gold
847,54138,1932,447,No medal
848,54138,1932,442,No medal
849,54138,1932,445,Silver
850,54138,1932,443,No medal
851,54138,1932,441,Gold
852,54138,1932,449,No medal
853,54138,1932,444,Silver
854,55281,1932,820,Gold
855,55177,1932,20,No medal
856,54284,1932,409,Gold
857,54356,1932,20,No medal
858,54107,1932,41,No medal
859,54107,1932,41,No medal
860,54107,1932,41,No medal
861,54107,1932,41,No medal
862,54107,1932,41,No medal
863,54107,1932,41,No medal
864,54107,1932,41,No medal
865,54107,1932,41,No medal
866,54107,1932,41,No medal
867,54107,1932,40,Silver
868,54107,1932,35,No medal
869,54107,1932,35,No medal
870,54107,1932,35,No medal
871,54107,1932,35,No medal
872,54107,1932,35,No medal
873,54107,1932,35,No medal
874,54107,1932,35,No medal
875,54107,1932,35,No medal
876,54107,1932,35,No medal
877,54107,1932,35,No medal
878,54107,1932,35,No medal
879,54107,1932,35,No medal
880,54107,1932,35,No medal
881,54107,1932,35,No medal
882,54107,1932,35,No medal
883,54107,1932,35,No medal
884,54107,1932,35,No medal
885,55420,1932,80,No medal
886,53625,1932,35,No medal
887,54100,1932,20,No medal
888,54456,1932,820,Gold
889,55292,1932,820,Gold
890,53754,1932,892,Silver
891,53704,1932,718,No medal
892,54492,1932,409,Gold
893,54492,1932,408,Bronze
894,53318,1932,820,Gold
895,54921,1932,19,No medal
896,55470,1932,820,Gold
897,53500,1932,20,No medal
898,54883,1932,447,No medal
899,54883,1932,445,No medal
900,54883,1932,441,No medal
901,54883,1932,449,No medal
902,54883,1932,444,No medal
903,54811,1932,820,Gold
904,53432,1932,19,No medal
905,54997,1932,409,Gold
906,54762,1932,409,Gold
907,53458,1932,198,Gold
908,53582,1932,20,No medal
909,55394,1932,80,No medal
910,54016,1932,87,No medal
911,54308,1932,412,No medal
912,55058,1932,35,No medal
913,53841,1932,820,Gold
914,55171,1932,448,No medal
915,55171,1932,446,No medal
916,55171,1932,443,No medal
917,55171,1932,441,No medal
918,55171,1932,449,No medal
919,55171,1932,444,No medal
920,55317,1932,412,Bronze
921,55136,1932,410,No medal
922,55136,1932,521,No medal
923,54392,1932,820,Gold
924,53709,1932,644,No medal
925,53743,1932,717,Bronze
926,53743,1932,709,No medal
927,55150,1932,79,No medal
928,55150,1932,88,No medal
929,82154,1932,546,No medal
930,82154,1932,550,Silver
931,82859,1932,207,No medal
932,83133,1932,546,No medal
933,83133,1932,550,Silver
934,81960,1932,546,No medal
935,81960,1932,547,No medal
936,82868,1932,66,No medal
937,82868,1932,76,No medal
938,81869,1932,546,No medal
939,81869,1932,547,No medal
940,82056,1932,546,No medal
941,83223,1932,204,No medal
942,81883,1932,547,No medal
943,82845,1932,546,No medal
944,83099,1932,205,No medal
945,82137,1932,64,No medal
946,82491,1932,92,No medal
947,82778,1932,546,No medal
948,83027,1932,546,No medal
949,83027,1932,547,No medal
950,83219,1932,304,No medal
951,82599,1932,78,No medal
952,82937,1932,70,No medal
953,82937,1932,67,No medal
954,83322,1932,547,No medal
955,82506,1932,546,No medal
956,82817,1932,74,No medal
957,82817,1932,70,No medal
958,81179,1932,42,No medal
959,81819,1932,83,No medal
960,81188,1932,706,No medal
961,81151,1932,78,No medal
962,81151,1932,74,No medal
963,81171,1932,82,No medal
964,81256,1932,25,No medal
965,80906,1932,899,No medal
966,116365,1932,42,No medal
967,34337,1932,79,No medal
968,34175,1932,85,No medal
969,34175,1932,66,Bronze
970,34175,1932,76,Bronze
971,34080,1932,441,No medal
972,34080,1932,449,Bronze
973,34080,1932,444,No medal
974,34103,1932,71,No medal
975,34923,1932,85,Bronze
976,34901,1932,442,Bronze
977,34901,1932,443,No medal
978,34901,1932,441,No medal
979,34901,1932,449,Bronze
980,34901,1932,444,No medal
981,34874,1932,74,No medal
982,34012,1932,68,No medal
983,34961,1932,83,Silver
984,34657,1932,446,No medal
985,34657,1932,447,No medal
986,34657,1932,442,Silver
987,34657,1932,445,Bronze
988,34657,1932,443,No medal
989,34657,1932,441,No medal
990,34657,1932,449,Bronze
991,34657,1932,444,Bronze
992,34433,1932,82,No medal
993,35218,1932,893,No medal
994,34794,1932,711,No medal
995,34620,1932,88,No medal
996,34953,1932,64,No medal
997,35181,1932,81,Silver
998,34533,1932,892,No medal
999,34702,1932,882,Gold
1000,33942,1932,83,Bronze
1001,34207,1932,891,Silver
1002,34740,1932,446,No medal
1003,34740,1932,442,No medal
1004,34740,1932,441,No medal
1005,34740,1932,449,Bronze
1006,34740,1932,444,No medal
1007,34397,1932,446,No medal
1008,34397,1932,447,No medal
1009,34397,1932,445,No medal
1010,34397,1932,441,No medal
1011,34397,1932,449,Bronze
1012,34397,1932,444,No medal
1013,34583,1932,71,No medal
1014,34536,1932,894,Silver
1015,34233,1932,64,No medal
1016,34938,1932,898,Bronze
1017,34333,1932,76,Gold
1018,35105,1932,64,No medal
1019,35002,1932,85,No medal
1020,34759,1932,80,No medal
1021,34548,1932,883,Bronze
1022,34913,1932,895,Gold
1023,34167,1932,899,Silver
1024,33988,1932,880,Bronze
1025,33988,1932,881,No medal
1026,34125,1932,83,Gold
1027,34616,1932,87,No medal
1028,34211,1932,79,Silver
1029,34089,1932,71,Gold
1030,34089,1932,66,Silver
1031,34097,1932,199,No medal
1032,34061,1932,207,Bronze
1033,87652,1932,67,No medal
1034,88107,1932,644,No medal
1035,87990,1932,644,No medal
1036,87572,1932,644,No medal
1037,87572,1932,639,No medal
1038,88003,1932,639,No medal
1039,88003,1932,521,No medal
1040,87856,1932,521,No medal
1041,27059,1932,41,No medal
1042,28116,1932,305,Silver
1043,28116,1932,304,No medal
1044,27333,1932,882,No medal
1045,27333,1932,883,No medal
1046,27005,1932,19,No medal
1047,27698,1932,35,No medal
1048,27319,1932,20,Silver
1049,27496,1932,35,No medal
1050,27496,1932,35,No medal
1051,27496,1932,35,No medal
1052,27584,1932,409,No medal
1053,27584,1932,408,No medal
1054,27584,1932,411,No medal
1055,27584,1932,407,No medal
1056,27584,1932,406,No medal
1057,27850,1932,840,Silver
1058,28375,1932,412,No medal
1059,28424,1932,305,Silver
1060,28424,1932,304,No medal
1061,27011,1932,412,No medal
1062,27143,1932,35,No medal
1063,27143,1932,35,No medal
1064,27143,1932,35,No medal
1065,27409,1932,64,No medal
1066,27201,1932,41,No medal
1067,27297,1932,409,No medal
1068,27297,1932,408,No medal
1069,27297,1932,411,No medal
1070,27297,1932,410,No medal
1071,27297,1932,407,No medal
1072,27838,1932,372,No medal
1073,27838,1932,373,No medal
1074,27460,1932,893,Silver
1075,28040,1932,35,No medal
1076,28444,1932,409,No medal
1077,28444,1932,411,No medal
1078,28444,1932,410,No medal
1079,28444,1932,407,No medal
1080,28444,1932,406,No medal
1081,27682,1932,412,No medal
1082,27627,1932,18,Silver
1083,28415,1932,201,Bronze
1084,27177,1932,207,No medal
1085,28197,1932,898,No medal
1086,28197,1932,899,No medal
1087,28103,1932,727,Bronze
1088,28226,1932,20,No medal
1089,27299,1932,41,No medal
1090,27299,1932,41,No medal
1091,27299,1932,41,No medal
1092,27299,1932,40,No medal
1093,27634,1932,305,Silver
1094,27634,1932,304,No medal
1095,27794,1932,35,No medal
1096,27794,1932,35,No medal
1097,27794,1932,35,No medal
1098,27794,1932,35,No medal
1099,27794,1932,35,No medal
1100,27794,1932,35,No medal
1101,27794,1932,35,No medal
1102,27910,1932,35,No medal
1103,27910,1932,35,No medal
1104,27362,1932,307,Bronze
1105,27362,1932,306,No medal
1106,27658,1932,35,No medal
1107,28200,1932,41,No medal
1108,27131,1932,307,Bronze
1109,27131,1932,294,No medal
1110,27285,1932,41,No medal
1111,27285,1932,41,No medal
1112,27285,1932,41,No medal
1113,27285,1932,41,No medal
1114,27285,1932,41,No medal
1115,27285,1932,41,No medal
1116,27285,1932,41,No medal
1117,27285,1932,41,No medal
1118,27285,1932,41,No medal
1119,27285,1932,41,No medal
1120,27285,1932,41,No medal
1121,27285,1932,41,No medal
1122,27956,1932,20,No medal
1123,28427,1932,25,No medal
1124,28327,1932,41,No medal
1125,28327,1932,41,No medal
1126,28320,1932,409,No medal
1127,28320,1932,408,No medal
1128,28320,1932,411,No medal
1129,28320,1932,407,No medal
1130,28320,1932,406,No medal
1131,27250,1932,734,No medal
1132,27250,1932,725,No medal
1133,28056,1932,304,No medal
1134,27412,1932,85,No medal
1135,108604,1932,42,No medal
1136,108604,1932,42,No medal
1137,108604,1932,42,No medal
1138,108604,1932,42,No medal
1139,108604,1932,42,No medal
1140,108634,1932,555,Bronze
1141,78108,1932,35,No medal
1142,78108,1932,19,No medal
1143,78621,1932,35,No medal
1144,78613,1932,35,No medal
1145,78613,1932,32,Bronze
1146,79380,1932,731,Silver
1147,79380,1932,725,No medal
1148,78279,1932,521,No medal
1149,77770,1932,35,No medal
1150,79665,1932,399,Silver
1151,79665,1932,398,No medal
1152,77862,1932,307,No medal
1153,77862,1932,294,Silver
1154,77862,1932,306,Gold
1155,79217,1932,41,No medal
1156,79217,1932,41,No medal
1157,79217,1932,41,No medal
1158,79217,1932,35,No medal
1159,78810,1932,35,No medal
1160,79527,1932,35,No medal
1161,79816,1932,35,No medal
1162,79816,1932,35,No medal
1163,79816,1932,35,No medal
1164,79816,1932,35,No medal
1165,79816,1932,35,No medal
1166,78318,1932,35,No medal
1167,78318,1932,35,No medal
1168,79556,1932,98,No medal
1169,79556,1932,92,No medal
1170,78772,1932,399,Silver
1171,78772,1932,398,No medal
1172,79231,1932,35,No medal
1173,79231,1932,35,No medal
1174,78228,1932,35,No medal
1175,79358,1932,550,No medal
1176,79280,1932,550,No medal
1177,78345,1932,722,No medal
1178,78345,1932,734,No medal
1179,78382,1932,88,No medal
1180,79329,1932,399,Silver
1181,79329,1932,398,Gold
1182,77788,1932,722,No medal
1183,77788,1932,731,Silver
1184,77788,1932,734,No medal
1185,77708,1932,35,No medal
1186,77803,1932,609,No medal
1187,77804,1932,609,No medal
1188,77804,1932,604,Silver
1189,79905,1932,35,No medal
1190,79905,1932,35,No medal
1191,79905,1932,35,No medal
1192,78444,1932,307,No medal
1193,79416,1932,731,Silver
1194,79416,1932,725,No medal
1195,78170,1932,35,No medal
1196,79907,1932,20,No medal
1197,77523,1932,35,No medal
1198,77523,1932,35,No medal
1199,77523,1932,35,No medal
1200,77644,1932,41,No medal
1201,77986,1932,108,No medal
1202,78642,1932,35,No medal
1203,79763,1932,20,No medal
1204,77692,1932,41,No medal
1205,77692,1932,41,No medal
1206,79545,1932,98,No medal
1207,79545,1932,92,No medal
1208,78456,1932,731,Silver
1209,78456,1932,725,Silver
1210,77932,1932,408,No medal
1211,77932,1932,410,No medal
1212,77932,1932,406,No medal
1213,79170,1932,412,No medal
1214,78853,1932,98,No medal
1215,79876,1932,35,No medal
1216,78778,1932,25,No medal
1217,77902,1932,70,No medal
1218,77902,1932,67,No medal
1219,77809,1932,98,No medal
1220,77809,1932,92,No medal
1221,84277,1932,42,No medal
1222,84277,1932,42,No medal
1223,84194,1932,42,No medal
1224,73394,1932,35,No medal
1225,73394,1932,35,No medal
1226,73189,1932,41,No medal
1227,73233,1932,35,No medal
1228,73233,1932,35,No medal
1229,73233,1932,35,No medal
1230,73233,1932,35,No medal
1231,73233,1932,35,No medal
1232,73233,1932,35,No medal
1233,73233,1932,35,No medal
1234,73233,1932,32,No medal
1235,106258,1932,42,No medal
1236,106258,1932,42,No medal
1237,7234,1932,41,No medal
1238,7234,1932,41,No medal
1239,8353,1932,41,No medal
1240,8353,1932,41,No medal
1241,8287,1932,19,No medal
1242,8287,1932,19,No medal
1243,7580,1932,368,No medal
1244,7580,1932,369,No medal
1245,7116,1932,74,No medal
1246,7374,1932,604,No medal
1247,7780,1932,19,No medal
1248,8124,1932,412,Gold
1249,7270,1932,19,No medal
1250,7125,1932,80,No medal
1251,8307,1932,41,No medal
1252,7362,1932,886,Bronze
1253,7362,1932,887,Bronze
1254,7194,1932,843,Bronze
1255,8431,1932,841,Silver
1256,7159,1932,41,No medal
1257,7159,1932,41,No medal
1258,7159,1932,41,No medal
1259,7159,1932,41,No medal
1260,7159,1932,41,No medal
1261,7159,1932,41,No medal
1262,7159,1932,41,No medal
1263,7159,1932,41,No medal
1264,7774,1932,19,No medal
1265,8369,1932,372,No medal
1266,8369,1932,373,No medal
1267,8211,1932,41,No medal
1268,8211,1932,41,No medal
1269,7989,1932,41,No medal
1270,112843,1932,41,No medal
1271,113141,1932,706,No medal
1272,112315,1932,81,Bronze
1273,112508,1932,841,No medal
1274,115137,1932,41,No medal
1275,115137,1932,41,No medal
1276,115137,1932,41,No medal
1277,115137,1932,41,No medal
1278,115137,1932,41,No medal
1279,115137,1932,41,No medal
1280,115137,1932,41,No medal
1281,115137,1932,40,Gold
1282,115137,1932,35,No medal
1283,115137,1932,35,No medal
1284,115137,1932,35,No medal
1285,115137,1932,35,No medal
1286,115137,1932,35,No medal
1287,115137,1932,35,No medal
1288,115137,1932,35,No medal
1289,115137,1932,35,No medal
1290,112262,1932,35,No medal
1291,112262,1932,35,No medal
1292,112262,1932,35,No medal
1293,112262,1932,35,No medal
1294,112262,1932,35,No medal
1295,112262,1932,35,No medal
1296,110713,1932,72,Gold
1297,111058,1932,464,Bronze
1298,115505,1932,450,Gold
1299,111171,1932,397,No medal
1300,111171,1932,396,No medal
1301,110105,1932,35,No medal
1302,114892,1932,35,No medal
1303,114892,1932,35,No medal
1304,114892,1932,35,No medal
1305,114892,1932,35,No medal
1306,114892,1932,35,No medal
1307,114892,1932,35,No medal
1308,114892,1932,35,No medal
1309,114892,1932,35,No medal
1310,114892,1932,35,No medal
1311,114892,1932,35,No medal
1312,114892,1932,35,No medal
1313,114892,1932,35,No medal
1314,109877,1932,820,Bronze
1315,112151,1932,92,No medal
1316,114014,1932,35,No medal
1317,114014,1932,35,No medal
1318,110148,1932,19,No medal
1319,114095,1932,41,No medal
1320,112479,1932,41,No medal
1321,112479,1932,41,No medal
1322,108834,1932,35,No medal
1323,108834,1932,35,No medal
1324,108834,1932,35,No medal
1325,108834,1932,35,No medal
1326,109805,1932,35,No medal
1327,115194,1932,602,Gold
1328,113285,1932,35,No medal
1329,113285,1932,35,No medal
1330,113285,1932,35,No medal
1331,113285,1932,35,No medal
1332,113285,1932,35,No medal
1333,113285,1932,35,No medal
1334,113285,1932,35,No medal
1335,113285,1932,35,No medal
1336,113285,1932,35,No medal
1337,114640,1932,73,Gold
1338,109365,1932,98,Gold
1339,109365,1932,92,Bronze
1340,109609,1932,898,Gold
1341,114676,1932,82,Silver
1342,111480,1932,409,No medal
1343,111693,1932,395,Bronze
1344,111693,1932,394,Bronze
1345,112421,1932,78,No medal
1346,114250,1932,837,No medal
1347,109955,1932,35,No medal
1348,110382,1932,546,Gold
1349,112359,1932,72,Gold
1350,111367,1932,70,Gold
1351,111367,1932,67,Gold
1352,113511,1932,35,No medal
1353,109367,1932,639,No medal
1354,114596,1932,35,No medal
1355,111840,1932,399,Gold
1356,111840,1932,398,Silver
1357,114710,1932,709,No medal
1358,109322,1932,306,No medal
1359,112189,1932,35,No medal
1360,114853,1932,307,No medal
1361,113970,1932,308,No medal
1362,114930,1932,843,No medal
1363,112360,1932,835,Bronze
1364,110820,1932,75,Bronze
1365,115649,1932,35,No medal
1366,109244,1932,41,No medal
1367,109244,1932,40,No medal
1368,113315,1932,41,No medal
1369,109276,1932,25,No medal
1370,110347,1932,602,Gold
1371,109515,1932,841,No medal
1372,111123,1932,820,Bronze
1373,110180,1932,35,No medal
1374,110180,1932,35,No medal
1375,110180,1932,35,No medal
1376,112060,1932,20,No medal
1377,111803,1932,407,Bronze
1378,109405,1932,644,No medal
1379,108909,1932,41,No medal
1380,115172,1932,35,No medal
1381,115172,1932,35,No medal
1382,115172,1932,35,No medal
1383,113619,1932,82,No medal
1384,109843,1932,35,No medal
1385,110111,1932,35,No medal
1386,110111,1932,35,No medal
1387,110028,1932,35,No medal
1388,110028,1932,35,No medal
1389,110028,1932,35,No medal
1390,111269,1932,35,No medal
1391,111269,1932,35,No medal
1392,111269,1932,35,No medal
1393,111269,1932,35,No medal
1394,111269,1932,35,No medal
1395,111269,1932,35,No medal
1396,111269,1932,19,No medal
1397,115002,1932,368,Gold
1398,115002,1932,369,Silver
1399,115722,1932,601,Silver
1400,111370,1932,41,No medal
1401,110566,1932,304,No medal
1402,111027,1932,70,Silver
1403,111027,1932,67,No medal
1404,115651,1932,41,No medal
1405,113089,1932,35,No medal
1406,113089,1932,35,No medal
1407,113089,1932,35,No medal
1408,114712,1932,644,No medal
1409,110029,1932,108,Gold
1410,108844,1932,35,No medal
1411,112743,1932,411,Bronze
1412,108844,1932,464,Bronze
1413,110487,1932,87,Gold
1414,113862,1932,41,No medal
1415,113862,1932,41,No medal
1416,111626,1932,709,Bronze
1417,110569,1932,35,No medal
1418,110720,1932,442,No medal
1419,110720,1932,445,No medal
1420,110720,1932,441,No medal
1421,110720,1932,449,Silver
1422,110720,1932,444,No medal
1423,113384,1932,25,No medal
1424,112194,1932,548,Gold
1425,109913,1932,103,No medal
1426,114450,1932,546,Gold
1427,113619,1932,68,Gold
1428,115466,1932,198,Bronze
1429,111697,1932,109,No medal
1430,113443,1932,35,No medal
1431,113443,1932,35,No medal
1432,113443,1932,35,No medal
1433,113443,1932,35,No medal
1434,110666,1932,87,Silver
1435,112451,1932,440,Gold
1436,111698,1932,372,Bronze
1437,115799,1932,19,No medal
1438,109778,1932,88,No medal
1439,109409,1932,108,No medal
1440,109409,1932,98,Gold
1441,109580,1932,19,No medal
1442,115766,1932,639,No medal
1443,112854,1932,886,Silver
1444,111701,1932,411,Bronze
1445,111701,1932,407,Bronze
1446,109085,1932,25,No medal
1447,109914,1932,35,No medal
1448,115146,1932,76,No medal
1449,115111,1932,84,Silver
1450,115580,1932,373,Silver
1451,114862,1932,41,No medal
1452,114862,1932,41,No medal
1453,114862,1932,41,No medal
1454,109814,1932,35,No medal
1455,109814,1932,35,No medal
1456,109814,1932,35,No medal
1457,110289,1932,71,No medal
1458,115232,1932,372,Gold
1459,111244,1932,25,No medal
1460,115084,1932,17,Silver
1461,111881,1932,35,No medal
1462,111881,1932,35,No medal
1463,111881,1932,35,No medal
1464,111881,1932,35,No medal
1465,112128,1932,35,No medal
1466,112128,1932,19,No medal
1467,109086,1932,549,No medal
1468,109411,1932,35,No medal
1469,110933,1932,66,No medal
1470,113783,1932,35,No medal
1471,112602,1932,880,Gold
1472,109917,1932,35,No medal
1473,110390,1932,711,No medal
1474,108973,1932,19,No medal
1475,112365,1932,19,No medal
1476,114109,1932,25,No medal
1477,115407,1932,66,No medal
1478,114865,1932,105,Silver
1479,110257,1932,18,No medal
1480,113900,1932,85,No medal
1481,109169,1932,820,Bronze
1482,115868,1932,305,No medal
1483,115868,1932,304,No medal
1484,114301,1932,464,Bronze
1485,110726,1932,35,No medal
1486,110726,1932,35,No medal
1487,114868,1932,35,No medal
1488,111415,1932,41,No medal
1489,111415,1932,41,No medal
1490,115114,1932,35,No medal
1491,109413,1932,35,No medal
1492,115235,1932,19,No medal
1493,114258,1932,882,Silver
1494,109414,1932,25,No medal
1495,111920,1932,551,Gold
1496,114384,1932,409,No medal
1497,110934,1932,25,No medal
1498,113621,1932,602,Gold
1499,111557,1932,602,Gold
1500,113724,1932,395,Bronze
1501,113724,1932,394,No medal
1502,111461,1932,711,No medal
1503,112654,1932,35,No medal
1504,112654,1932,35,No medal
1505,110491,1932,34,Silver
1506,110431,1932,555,Silver
1507,110431,1932,86,Gold
1508,111883,1932,201,No medal
1509,112655,1932,85,No medal
1510,115205,1932,441,No medal
1511,115205,1932,449,Silver
1512,115205,1932,444,No medal
1513,115619,1932,70,Bronze
1514,115619,1932,67,Silver
1515,112367,1932,83,No medal
1516,109709,1932,25,No medal
1517,109333,1932,35,No medal
1518,109172,1932,890,Gold
1519,115271,1932,722,No medal
1520,115446,1932,35,No medal
1521,115446,1932,35,No medal
1522,115446,1932,35,No medal
1523,115446,1932,35,No medal
1524,115446,1932,35,No medal
1525,112886,1932,464,Bronze
1526,109207,1932,731,Gold
1527,109207,1932,725,No medal
1528,115620,1932,81,No medal
1529,110191,1932,549,No medal
1530,112721,1932,71,Bronze
1531,113981,1932,41,No medal
1532,110727,1932,820,Bronze
1533,111923,1932,521,Bronze
1534,113227,1932,549,No medal
1535,115312,1932,41,No medal
1536,115312,1932,41,No medal
1537,115312,1932,41,No medal
1538,115312,1932,41,No medal
1539,111182,1932,547,No medal
1540,111315,1932,35,No medal
1541,111345,1932,41,No medal
1542,111345,1932,41,No medal
1543,112608,1932,521,No medal
1544,112166,1932,837,No medal
1545,112749,1932,294,No medal
1546,113727,1932,35,No medal
1547,113727,1932,35,No medal
1548,113728,1932,731,Gold
1549,113728,1932,734,Gold
1550,113728,1932,725,Gold
1551,109210,1932,35,No medal
1552,109211,1932,41,No medal
1553,109211,1932,41,No medal
1554,110939,1932,38,Silver
1555,113300,1932,35,No medal
1556,113300,1932,35,No medal
1557,113300,1932,35,No medal
1558,113300,1932,35,No medal
1559,111367,1932,547,No medal
1560,113447,1932,35,No medal
1561,113447,1932,35,No medal
1562,113447,1932,35,No medal
1563,108844,1932,604,No medal
1564,112167,1932,35,No medal
1565,110001,1932,305,No medal
1566,110001,1932,304,No medal
1567,109818,1932,406,No medal
1568,113902,1932,412,No medal
1569,109336,1932,412,No medal
1570,111851,1932,35,No medal
1571,111851,1932,35,No medal
1572,111851,1932,35,No medal
1573,109337,1932,41,No medal
1574,114382,1932,35,No medal
1575,114382,1932,35,No medal
1576,112133,1932,609,Gold
1577,110156,1932,25,No medal
1578,112786,1932,25,No medal
1579,110294,1932,407,Bronze
1580,110294,1932,406,Silver
1581,113192,1932,35,No medal
1582,109025,1932,35,No medal
1583,109025,1932,35,No medal
1584,108879,1932,19,No medal
1585,113058,1932,196,No medal
1586,115279,1932,35,No medal
1587,115279,1932,35,No medal
1588,115279,1932,35,No medal
1589,112202,1932,80,Silver
1590,111852,1932,368,Bronze
1591,110614,1932,35,No medal
1592,114613,1932,440,Bronze
1593,110003,1932,35,No medal
1594,109624,1932,843,No medal
1595,114530,1932,35,No medal
1596,109095,1932,464,Bronze
1597,112172,1932,19,No medal
1598,113099,1932,395,Bronze
1599,113099,1932,394,No medal
1600,111925,1932,25,No medal
1601,111249,1932,41,No medal
1602,109096,1932,734,Silver
1603,109143,1932,72,Gold
1604,115050,1932,548,Gold
1605,112865,1932,706,No medal
1606,112567,1932,68,No medal
1607,113903,1932,41,No medal
1608,114720,1932,717,Silver
1609,114720,1932,709,No medal
1610,114532,1932,717,Silver
1611,115153,1932,19,No medal
1612,111565,1932,549,No medal
1613,114309,1932,82,No medal
1614,112174,1932,731,Gold
1615,114690,1932,35,No medal
1616,115837,1932,446,No medal
1617,115837,1932,442,No medal
1618,115837,1932,445,No medal
1619,115837,1932,443,Silver
1620,115837,1932,441,No medal
1621,115837,1932,449,Silver
1622,115837,1932,444,No medal
1623,112662,1932,41,No medal
1624,112662,1932,41,No medal
1625,112371,1932,80,No medal
1626,111502,1932,604,No medal
1627,113324,1932,548,Gold
1628,112891,1932,105,No medal
1629,112791,1932,86,Bronze
1630,110299,1932,546,Gold
1631,109752,1932,411,Bronze
1632,114873,1932,35,No medal
1633,109257,1932,307,No medal
1634,112882,1932,464,Bronze
1635,110496,1932,41,No medal
1636,110496,1932,41,No medal
1637,110761,1932,41,No medal
1638,110798,1932,25,No medal
1639,112613,1932,409,No medal
1640,112613,1932,408,No medal
1641,115053,1932,602,Gold
1642,113559,1932,35,No medal
1643,113559,1932,35,No medal
1644,111570,1932,19,No medal
1645,111607,1932,78,No medal
1646,112956,1932,35,No medal
1647,112995,1932,35,No medal
1648,110355,1932,722,Gold
1649,111073,1932,19,No medal
1650,110498,1932,727,No medal
1651,110861,1932,77,No medal
1652,115212,1932,197,No medal
1653,110862,1932,76,Silver
1654,109491,1932,35,No medal
1655,111187,1932,34,No medal
1656,112569,1932,894,No medal
1657,110264,1932,41,No medal
1658,115624,1932,450,Bronze
1659,111746,1932,41,No medal
1660,113234,1932,85,No medal
1661,109146,1932,411,Bronze
1662,109146,1932,410,No medal
1663,115213,1932,35,No medal
1664,115213,1932,35,No medal
1665,115213,1932,35,No medal
1666,115213,1932,35,No medal
1667,115213,1932,35,No medal
1668,111075,1932,75,No medal
1669,113713,1932,35,No medal
1670,108948,1932,446,Bronze
1671,108948,1932,445,No medal
1672,108948,1932,441,No medal
1673,108948,1932,449,Silver
1674,108948,1932,444,No medal
1675,113101,1932,35,No medal
1676,113101,1932,35,No medal
1677,110499,1932,92,No medal
1678,113993,1932,644,No medal
1679,114574,1932,75,Silver
1680,111041,1932,33,No medal
1681,113062,1932,41,No medal
1682,109625,1932,41,No medal
1683,109625,1932,41,No medal
1684,109625,1932,41,No medal
1685,114160,1932,64,No medal
1686,115317,1932,546,Gold
1687,112135,1932,103,Silver
1688,115417,1932,35,No medal
1689,109675,1932,35,No medal
1690,115318,1932,19,No medal
1691,115318,1932,19,No medal
1692,115318,1932,19,No medal
1693,115318,1932,19,No medal
1694,112289,1932,447,Gold
1695,111352,1932,412,No medal
1696,115591,1932,35,No medal
1697,112959,1932,547,No medal
1698,111571,1932,450,Silver
1699,111320,1932,41,No medal
1700,109424,1932,66,No medal
1701,109790,1932,546,Gold
1702,115419,1932,464,Bronze
1703,114693,1932,87,No medal
1704,110303,1932,609,Gold
1705,112960,1932,546,Gold
1706,113735,1932,86,No medal
1707,115420,1932,727,No medal
1708,115123,1932,74,No medal
1709,111484,1932,84,Gold
1710,114354,1932,840,No medal
1711,111748,1932,35,No medal
1712,111748,1932,35,No medal
1713,111748,1932,35,No medal
1714,111748,1932,35,No medal
1715,111748,1932,35,No medal
1716,111748,1932,35,No medal
1717,111748,1932,35,No medal
1718,111748,1932,35,No medal
1719,111748,1932,35,No medal
1720,111748,1932,35,No medal
1721,111748,1932,33,Gold
1722,111158,1932,35,No medal
1723,111158,1932,35,No medal
1724,111158,1932,35,No medal
1725,113561,1932,443,No medal
1726,111998,1932,35,No medal
1727,114696,1932,109,No medal
1728,112136,1932,551,Gold
1729,109030,1932,718,No medal
1730,113494,1932,35,No medal
1731,115730,1932,41,No medal
1732,115730,1932,41,No medal
1733,115731,1932,78,No medal
1734,112699,1932,464,Bronze
1735,114911,1932,25,No medal
1736,115842,1932,41,No medal
1737,115842,1932,41,No medal
1738,115842,1932,41,No medal
1739,111190,1932,731,Gold
1740,111190,1932,725,Bronze
1741,111253,1932,35,No medal
1742,111253,1932,35,No medal
1743,111253,1932,35,No medal
1744,110678,1932,368,Silver
1745,110678,1932,369,Gold
1746,115662,1932,448,Silver
1747,111642,1932,41,No medal
1748,114471,1932,98,Gold
1749,109716,1932,88,No medal
1750,114162,1932,73,Gold
1751,110403,1932,41,No medal
1752,110403,1932,41,No medal
1753,115627,1932,35,No medal
1754,115627,1932,35,No medal
1755,115627,1932,35,No medal
1756,115627,1932,35,No medal
1757,113713,1932,19,No medal
1758,114473,1932,35,No medal
1759,114189,1932,711,No medal
1760,113660,1932,35,No medal
1761,110235,1932,25,No medal
1762,115876,1932,734,No medal
1763,114979,1932,207,Gold
1764,113197,1932,25,No medal
1765,112343,1932,35,No medal
1766,110336,1932,704,No medal
1767,114119,1932,717,Silver
1768,113431,1932,820,Bronze
1769,113526,1932,35,No medal
1770,115057,1932,41,No medal
1771,115057,1932,41,No medal
1772,109934,1932,199,Bronze
1773,113031,1932,373,Bronze
1774,113307,1932,409,No medal
1775,112189,1932,464,Bronze
1776,114661,1932,407,Bronze
1777,114661,1932,406,No medal
1778,114834,1932,35,No medal
1779,114834,1932,35,No medal
1780,112247,1932,440,Silver
1781,110644,1932,547,No medal
1782,112377,1932,25,No medal
1783,113876,1932,25,No medal
1784,113000,1932,35,No medal
1785,113000,1932,35,No medal
1786,113000,1932,35,No medal
1787,113000,1932,35,No medal
1788,112467,1932,74,Silver
1789,108952,1932,35,No medal
1790,109346,1932,35,No medal
1791,109346,1932,35,No medal
1792,109346,1932,35,No medal
1793,115058,1932,72,Gold
1794,109557,1932,35,No medal
1795,109557,1932,35,No medal
1796,109557,1932,35,No medal
1797,110621,1932,35,No medal
1798,112494,1932,546,Gold
1799,113842,1932,840,Bronze
1800,113564,1932,547,No medal
1801,111112,1932,41,No medal
1802,115540,1932,601,Silver
1803,112294,1932,602,Gold
1804,110837,1932,464,Bronze
1805,110131,1932,41,No medal
1806,110131,1932,41,No medal
1807,110131,1932,40,No medal
1808,110131,1932,35,No medal
1809,110131,1932,35,No medal
1810,110131,1932,35,No medal
1811,110131,1932,35,No medal
1812,110131,1932,35,No medal
1813,110131,1932,35,No medal
1814,110131,1932,35,No medal
1815,110131,1932,35,No medal
1816,110131,1932,35,No medal
1817,110131,1932,35,No medal
1818,110131,1932,35,No medal
1819,110131,1932,35,No medal
1820,110131,1932,35,No medal
1821,110131,1932,35,No medal
1822,110131,1932,35,No medal
1823,110131,1932,35,No medal
1824,114623,1932,109,Gold
1825,114623,1932,108,Silver
1826,114623,1932,103,Gold
1827,112116,1932,447,Silver
1828,113702,1932,25,No medal
1829,115847,1932,369,Bronze
1830,111135,1932,76,No medal
1831,113434,1932,464,Bronze
1832,112345,1932,411,Bronze
1833,115424,1932,71,No medal
1834,113738,1932,602,Gold
1835,111136,1932,35,No medal
1836,112868,1932,820,Bronze
1837,112829,1932,35,No medal
1838,112829,1932,33,No medal
1839,110441,1932,64,No medal
1840,111862,1932,446,No medal
1841,111862,1932,441,No medal
1842,111862,1932,449,Silver
1843,111862,1932,444,No medal
1844,112182,1932,64,No medal
1845,108954,1932,35,No medal
1846,108954,1932,35,No medal
1847,108954,1932,35,No medal
1848,108954,1932,35,No medal
1849,108954,1932,35,No medal
1850,108954,1932,32,Silver
1851,114946,1932,77,No medal
1852,111989,1932,704,Bronze
1853,113498,1932,41,No medal
1854,113845,1932,19,No medal
1855,115441,1932,704,No medal
1856,115441,1932,718,Gold
1857,109036,1932,25,No medal
1858,111893,1932,35,No medal
1859,112831,1932,410,No medal
1860,109349,1932,105,Gold
1861,114195,1932,602,Gold
1862,114664,1932,81,No medal
1863,111367,1932,448,Bronze
1864,109304,1932,305,No medal
1865,109304,1932,304,No medal
1866,111966,1932,25,No medal
1867,109724,1932,601,Silver
1868,113204,1932,35,No medal
1869,113908,1932,35,No medal
1870,110622,1932,372,Silver
1871,110622,1932,373,Gold
1872,111395,1932,409,No medal
1873,111395,1932,408,No medal
1874,108983,1932,79,No medal
1875,111613,1932,464,Bronze
1876,115671,1932,41,No medal
1877,115671,1932,41,No medal
1878,110473,1932,892,No medal
1879,115736,1932,550,No medal
1880,110053,1932,35,No medal
1881,110053,1932,35,No medal
1882,114277,1932,550,No medal
1883,112216,1932,820,Bronze
1884,109188,1932,602,Gold
1885,109726,1932,83,No medal
1886,115129,1932,77,No medal
1887,114879,1932,79,No medal
1888,113881,1932,35,No medal
1889,113881,1932,35,No medal
1890,112731,1932,35,No medal
1891,112731,1932,35,No medal
1892,112731,1932,35,No medal
1893,110134,1932,546,Gold
1894,111115,1932,41,No medal
1895,112935,1932,399,Gold
1896,112935,1932,398,No medal
1897,112935,1932,397,No medal
1898,112935,1932,396,Silver
1899,113277,1932,706,No medal
1900,115881,1932,639,No medal
1901,112870,1932,73,Gold
1902,112870,1932,74,Gold
1903,112833,1932,443,Bronze
1904,114583,1932,601,Silver
1905,113565,1932,602,Gold
1906,109431,1932,98,Gold
1907,112118,1932,411,Bronze
1908,112118,1932,410,No medal
1909,112118,1932,407,Bronze
1910,113909,1932,727,No medal
1911,115738,1932,35,No medal
1912,114001,1932,41,No medal
1913,111439,1932,602,Gold
1914,109501,1932,35,No medal
1915,109501,1932,35,No medal
1916,109501,1932,35,No medal
1917,112623,1932,41,No medal
1918,114235,1932,20,No medal
1919,109759,1932,409,No medal
1920,109759,1932,408,No medal
1921,113802,1932,35,No medal
1922,113911,1932,35,No medal
1923,111894,1932,464,Bronze
1924,113601,1932,18,No medal
1925,112903,1932,521,No medal
1926,110546,1932,397,No medal
1927,110546,1932,396,No medal
1928,113912,1932,41,No medal
1929,110507,1932,88,No medal
1930,112473,1932,35,No medal
1931,112473,1932,35,No medal
1932,112473,1932,35,No medal
1933,112473,1932,35,No medal
1934,112473,1932,35,No medal
1935,112473,1932,35,No medal
1936,113037,1932,204,Bronze
1937,108894,1932,717,Silver
1938,112803,1932,464,Bronze
1939,114915,1932,35,No medal
1940,114915,1932,35,No medal
1941,114915,1932,35,No medal
1942,114915,1932,35,No medal
1943,114915,1932,35,No medal
1944,114915,1932,35,No medal
1945,114915,1932,35,No medal
1946,114915,1932,35,No medal
1947,114915,1932,35,No medal
1948,114915,1932,35,No medal
1949,114915,1932,35,No medal
1950,114915,1932,35,No medal
1951,114915,1932,35,No medal
1952,114915,1932,35,No medal
1953,114915,1932,35,No medal
1954,114915,1932,35,No medal
1955,114915,1932,35,No medal
1956,114915,1932,32,No medal
1957,115817,1932,35,No medal
1958,115598,1932,35,No medal
1959,115598,1932,32,Gold
1960,112937,1932,546,Gold
1961,114882,1932,41,No medal
1962,110975,1932,442,Gold
1963,113008,1932,35,No medal
1964,113008,1932,35,No medal
1965,113008,1932,35,No medal
1966,113008,1932,35,No medal
1967,113008,1932,35,No medal
1968,113008,1932,35,No medal
1969,113008,1932,447,No medal
1970,109654,1932,35,No medal
1971,115818,1932,19,No medal
1972,115799,1932,602,Gold
1973,114199,1932,25,No medal
1974,115223,1932,308,No medal
1975,110840,1932,35,No medal
1976,110840,1932,35,No medal
1977,110840,1932,35,No medal
1978,110840,1932,35,No medal
1979,110840,1932,35,No medal
1980,110840,1932,35,No medal
1981,110840,1932,35,No medal
1982,110840,1932,35,No medal
1983,110840,1932,35,No medal
1984,110840,1932,35,No medal
1985,110840,1932,35,No medal
1986,110239,1932,35,No medal
1987,110239,1932,35,No medal
1988,115708,1932,68,Silver
1989,115791,1932,35,No medal
1990,115791,1932,35,No medal
1991,115791,1932,35,No medal
1992,115185,1932,35,No medal
1993,111970,1932,79,Gold
1994,109066,1932,448,Gold
1995,109531,1932,83,No medal
1996,110060,1932,205,Gold
1997,109356,1932,84,No medal
1998,109111,1932,35,No medal
1999,109264,1932,35,No medal
2000,109264,1932,18,No medal
2001,114843,1932,835,No medal
2002,109982,1932,601,Silver
2003,114667,1932,35,No medal
2004,110978,1932,399,Gold
2005,110978,1932,398,No medal
2006,109506,1932,19,No medal
2007,111260,1932,80,Gold
2008,114547,1932,308,No medal
2009,114238,1932,407,Bronze
2010,114282,1932,308,No medal
2011,110062,1932,35,No medal
2012,110683,1932,73,Gold
2013,77036,1932,25,No medal
2014,48691,1932,196,Silver
2015,44413,1932,20,No medal
2016,45309,1932,835,Silver
2017,48384,1932,35,No medal
2018,45179,1932,305,No medal
2019,45179,1932,304,No medal
2020,49665,1932,68,No medal
2021,48192,1932,35,No medal
2022,48192,1932,35,No medal
2023,48192,1932,35,No medal
2024,48581,1932,83,No medal
2025,46340,1932,79,No medal
2026,46340,1932,68,No medal
2027,46019,1932,35,No medal
2028,49488,1932,41,No medal
2029,46376,1932,41,No medal
2030,46791,1932,546,No medal
2031,50112,1932,305,No medal
2032,50112,1932,304,No medal
2033,46343,1932,66,No medal
2034,46343,1932,76,No medal
2035,48836,1932,837,Bronze
2036,46378,1932,41,No medal
2037,46378,1932,41,No medal
2038,46291,1932,547,Gold
2039,47461,1932,893,Bronze
2040,46643,1932,198,No medal
2041,46917,1932,41,No medal
2042,48724,1932,77,No medal
2043,50429,1932,79,No medal
2044,50429,1932,80,No medal
2045,50429,1932,87,No medal
2046,50220,1932,711,No medal
2047,44613,1932,19,No medal
2048,49332,1932,41,No medal
2049,48838,1932,820,Silver
2050,48725,1932,820,Silver
2051,47723,1932,41,No medal
2052,47315,1932,7,Gold
2053,49004,1932,7,Gold
2054,44992,1932,197,Silver
2055,46598,1932,835,No medal
2056,49336,1932,521,No medal
2057,48392,1932,41,No medal
2058,48612,1932,35,No medal
2059,47997,1932,820,Silver
2060,50015,1932,820,Silver
2061,47795,1932,41,No medal
2062,47795,1932,41,No medal
2063,47795,1932,41,No medal
2064,50187,1932,41,No medal
2065,47045,1932,73,No medal
2066,47045,1932,64,No medal
2067,47045,1932,78,No medal
2068,44892,1932,35,No medal
2069,45380,1932,108,No medal
2070,46983,1932,75,No medal
2071,44998,1932,547,Gold
2072,46697,1932,35,No medal
2073,46697,1932,35,No medal
2074,46697,1932,35,No medal
2075,49009,1932,73,No medal
2076,49009,1932,74,No medal
2077,48975,1932,521,No medal
2078,50155,1932,521,No medal
2079,44894,1932,547,Gold
2080,47263,1932,20,No medal
2081,44782,1932,73,No medal
2082,44782,1932,74,No medal
2083,44555,1932,412,No medal
2084,44394,1932,305,No medal
2085,44394,1932,304,No medal
2086,50193,1932,41,No medal
2087,45095,1932,546,No medal
2088,45095,1932,549,Silver
2089,47138,1932,41,No medal
2090,47138,1932,41,No medal
2091,45944,1932,706,No medal
2092,50198,1932,72,Silver
2093,50198,1932,67,No medal
2094,46327,1932,17,Bronze
2095,48593,1932,35,No medal
2096,47196,1932,199,No medal
2097,48761,1932,84,No medal
2098,44430,1932,35,No medal
2099,44430,1932,35,No medal
2100,44430,1932,35,No medal
2101,46062,1932,35,No medal
2102,44564,1932,204,No medal
2103,48043,1932,33,Bronze
2104,49677,1932,72,Silver
2105,49677,1932,70,No medal
2106,49677,1932,67,Bronze
2107,45696,1932,373,No medal
2108,48261,1932,35,No medal
2109,48532,1932,843,Gold
2110,50300,1932,546,No medal
2111,49625,1932,19,No medal
2112,48533,1932,35,No medal
2113,48087,1932,35,No medal
2114,48087,1932,35,No medal
2115,45763,1932,35,No medal
2116,45763,1932,35,No medal
2117,49592,1932,547,Gold
2118,49299,1932,80,No medal
2119,49299,1932,87,No medal
2120,47660,1932,105,No medal
2121,47660,1932,98,No medal
2122,50375,1932,72,Silver
2123,50375,1932,70,No medal
2124,45296,1932,35,No medal
2125,48399,1932,25,No medal
2126,46249,1932,35,No medal
2127,46133,1932,546,No medal
2128,47774,1932,35,No medal
2129,49817,1932,639,Silver
2130,45165,1932,77,No medal
2131,50305,1932,35,No medal
2132,45880,1932,25,No medal
2133,46427,1932,820,Silver
2134,45948,1932,41,No medal
2135,45948,1932,41,No medal
2136,44503,1932,19,No medal
2137,46279,1932,35,No medal
2138,46480,1932,41,No medal
2139,46480,1932,41,No medal
2140,46480,1932,41,No medal
2141,49189,1932,19,No medal
2142,47807,1932,35,No medal
2143,47807,1932,35,No medal
2144,47807,1932,35,No medal
2145,47807,1932,35,No medal
2146,47808,1932,887,No medal
2147,50476,1932,67,No medal
2148,46608,1932,41,No medal
2149,48009,1932,546,No medal
2150,48009,1932,549,Silver
2151,50379,1932,898,No medal
2152,50379,1932,895,Silver
2153,48822,1932,546,No medal
2154,48822,1932,549,Silver
2155,44974,1932,109,Bronze
2156,44974,1932,105,No medal
2157,44974,1932,98,No medal
2158,47331,1932,369,No medal
2159,48541,1932,35,No medal
2160,49227,1932,547,Gold
2161,47451,1932,883,Silver
2162,50409,1932,820,Silver
2163,45770,1932,305,No medal
2164,45770,1932,304,No medal
2165,48686,1932,79,Bronze
2166,46717,1932,98,No medal
2167,46717,1932,92,No medal
2168,46037,1932,35,No medal
2169,48017,1932,85,No medal
2170,47424,1932,78,No medal
2171,49475,1932,820,Silver
2172,49192,1932,35,No medal
2173,48856,1932,408,No medal
2174,48856,1932,406,No medal
2175,48123,1932,207,Silver
2176,48050,1932,35,No medal
2177,48464,1932,551,Silver
2178,48825,1932,73,No medal
2179,48825,1932,74,No medal
2180,50107,1932,19,No medal
2181,46996,1932,881,Gold
2182,50346,1932,109,Silver
2183,50346,1932,105,No medal
2184,50346,1932,108,No medal
2185,50346,1932,98,No medal
2186,46902,1932,41,No medal
2187,48161,1932,72,Silver
2188,48161,1932,70,No medal
2189,48124,1932,35,No medal
2190,44543,1932,551,Silver
2191,45419,1932,35,No medal
2192,45419,1932,35,No medal
2193,48542,1932,25,No medal
2194,49478,1932,205,No medal
2195,44511,1932,201,No medal
2196,45647,1932,35,No medal
2197,45647,1932,35,No medal
2198,45647,1932,35,No medal
2199,47544,1932,820,Silver
2200,48315,1932,546,No medal
2201,46066,1932,40,No medal
2202,46853,1932,604,No medal
2203,48264,1932,35,No medal
2204,48800,1932,20,Gold
2205,46168,1932,546,No medal
2206,49795,1932,19,No medal
2207,49795,1932,19,No medal
2208,48295,1932,41,No medal
2209,44513,1932,35,No medal
2210,44513,1932,35,No medal
2211,44513,1932,35,No medal
2212,44513,1932,35,No medal
2213,46139,1932,18,No medal
2214,44873,1932,546,No medal
2215,44873,1932,549,Silver
2216,16953,1932,711,No medal
2217,17455,1932,609,No medal
2218,18233,1932,555,No medal
2219,16040,1932,72,No medal
2220,16040,1932,70,No medal
2221,16040,1932,67,No medal
2222,16758,1932,601,Bronze
2223,16234,1932,73,Bronze
2224,16234,1932,78,Silver
2225,16234,1932,74,Bronze
2226,15994,1932,103,No medal
2227,17581,1932,72,No medal
2228,17581,1932,67,No medal
2229,18347,1932,602,Silver
2230,17631,1932,706,No medal
2231,18472,1932,64,No medal
2232,16685,1932,92,No medal
2233,16898,1932,880,No medal
2234,17483,1932,892,No medal
2235,16079,1932,546,Bronze
2236,18868,1932,103,No medal
2237,18831,1932,546,Bronze
2238,17850,1932,98,Silver
2239,17850,1932,92,Silver
2240,16762,1932,369,No medal
2241,16899,1932,894,No medal
2242,17216,1932,546,Bronze
2243,15720,1932,711,No medal
2244,15720,1932,717,No medal
2245,15720,1932,718,No medal
2246,15720,1932,709,No medal
2247,17331,1932,609,No medal
2248,16849,1932,727,No medal
2249,17769,1932,308,No medal
2250,17769,1932,294,No medal
2251,16704,1932,882,No medal
2252,17255,1932,601,Bronze
2253,16688,1932,308,No medal
2254,16688,1932,305,No medal
2255,16688,1932,304,No medal
2256,16574,1932,68,No medal
2257,17473,1932,76,No medal
2258,17096,1932,727,No medal
2259,17938,1932,551,Bronze
2260,17137,1932,88,No medal
2261,17137,1932,82,No medal
2262,19335,1932,731,No medal
2263,19335,1932,734,No medal
2264,19335,1932,725,No medal
2265,18802,1932,368,No medal
2266,18802,1932,369,No medal
2267,16450,1932,549,No medal
2268,18702,1932,72,No medal
2269,18702,1932,70,No medal
2270,18702,1932,67,No medal
2271,16918,1932,98,Silver
2272,15813,1932,373,No medal
2273,17587,1932,731,No medal
2274,17587,1932,725,No medal
2275,16483,1932,85,No medal
2276,16959,1932,35,No medal
2277,16299,1932,82,Gold
2278,18510,1932,41,No medal
2279,18510,1932,41,No medal
2280,18510,1932,41,No medal
2281,18510,1932,41,No medal
2282,18510,1932,41,No medal
2283,18510,1932,41,No medal
2284,18510,1932,41,No medal
2285,18510,1932,41,No medal
2286,18510,1932,41,No medal
2287,18510,1932,41,No medal
2288,18510,1932,41,No medal
2289,18510,1932,41,No medal
2290,18510,1932,41,No medal
2291,18510,1932,41,No medal
2292,18510,1932,41,No medal
2293,18510,1932,41,No medal
2294,18510,1932,41,No medal
2295,18510,1932,41,No medal
2296,18510,1932,41,No medal
2297,18510,1932,41,No medal
2298,18510,1932,41,No medal
2299,18510,1932,41,No medal
2300,18510,1932,41,No medal
2301,18510,1932,41,No medal
2302,18510,1932,41,No medal
2303,18510,1932,41,No medal
2304,18510,1932,41,No medal
2305,18510,1932,41,No medal
2306,18510,1932,41,No medal
2307,18510,1932,41,No medal
2308,18510,1932,41,No medal
2309,18510,1932,41,No medal
2310,18510,1932,41,No medal
2311,18510,1932,41,No medal
2312,18510,1932,41,No medal
2313,18510,1932,41,No medal
2314,18510,1932,41,No medal
2315,18510,1932,41,No medal
2316,18510,1932,41,No medal
2317,18510,1932,41,No medal
2318,18510,1932,41,No medal
2319,18510,1932,41,No medal
2320,18510,1932,41,No medal
2321,18510,1932,38,Bronze
2322,17196,1932,898,Silver
2323,16238,1932,199,No medal
2324,19264,1932,411,No medal
2325,19264,1932,410,No medal
2326,19264,1932,406,No medal
2327,16280,1932,306,No medal
2328,17776,1932,207,No medal
2329,16995,1932,602,Silver
2330,15869,1932,890,No medal
2331,17281,1932,546,Bronze
2332,18285,1932,722,No medal
2333,18285,1932,725,No medal
2334,17637,1932,546,Bronze
2335,16177,1932,73,Bronze
2336,16177,1932,74,No medal
2337,16179,1932,205,No medal
2338,17548,1932,717,No medal
2339,17548,1932,718,No medal
2340,17854,1932,64,No medal
2341,17854,1932,78,No medal
2342,17687,1932,722,No medal
2343,17687,1932,731,No medal
2344,17687,1932,734,No medal
2345,15816,1932,197,No medal
2346,16633,1932,602,Silver
2347,16066,1932,305,No medal
2348,16066,1932,304,No medal
2349,18264,1932,84,No medal
2350,18933,1932,308,No medal
2351,16775,1932,549,No medal
2352,19157,1932,546,Bronze
2353,17201,1932,706,No medal
2354,17201,1932,709,No medal
2355,16457,1932,602,Silver
2356,17487,1932,196,Gold
2357,19159,1932,602,Silver
2358,16732,1932,601,Bronze
2359,18709,1932,204,No medal
2360,18183,1932,305,No medal
2361,18183,1932,304,No medal
2362,17619,1932,549,No medal
2363,16826,1932,71,No medal
2364,16945,1932,546,Bronze
2365,17102,1932,98,Silver
2366,17102,1932,92,No medal
2367,18269,1932,98,Silver
2368,16417,1932,408,No medal
2369,16417,1932,411,No medal
2370,16417,1932,410,No medal
2371,19017,1932,308,No medal
2372,19017,1932,305,No medal
2373,19017,1932,304,No medal
2374,17165,1932,73,Bronze
2375,17165,1932,64,Bronze
2376,17165,1932,78,Bronze
2377,19216,1932,731,No medal
2378,19216,1932,734,No medal
2379,15699,1932,546,Bronze
2380,17909,1932,604,No medal
2381,15984,1932,411,No medal
2382,18041,1932,551,Bronze
2383,18437,1932,108,Bronze
2384,17595,1932,411,No medal
2385,17595,1932,410,No medal
2386,17595,1932,406,No medal
2387,19056,1932,85,No medal
2388,17948,1932,602,Silver
2389,17525,1932,549,No medal
2390,18062,1932,75,No medal
2391,16890,1932,77,No medal
2392,18159,1932,198,No medal
2393,18920,1932,717,No medal
2394,18920,1932,704,No medal
2395,18920,1932,718,No medal
2396,16619,1932,72,No medal
2397,16105,1932,85,No medal
2398,16105,1932,66,No medal
2399,17020,1932,706,No medal
2400,17020,1932,717,No medal
2401,17020,1932,709,No medal
2402,16186,1932,601,Bronze
2403,17167,1932,546,Bronze
2404,18454,1932,73,Bronze
2405,18454,1932,74,No medal
2406,17309,1932,412,No medal
2407,98777,1932,42,No medal
2408,99002,1932,77,No medal
2409,98829,1932,82,No medal
2410,100011,1932,441,Silver
2411,98939,1932,25,No medal
2412,99588,1932,64,No medal
2413,99588,1932,78,No medal
2414,98601,1932,410,No medal
2415,98601,1932,406,No medal
2416,24013,1932,85,No medal
2417,23659,1932,25,No medal
2418,90629,1932,42,No medal
2419,90629,1932,42,No medal
2420,84442,1932,711,Bronze
2421,84518,1932,196,Bronze
2422,84621,1932,82,Bronze
2423,84609,1932,204,No medal
2424,84362,1932,207,No medal
2425,84366,1932,198,No medal
2426,84618,1932,709,No medal
2427,84668,1932,711,No medal
2428,2515,1932,85,Gold
2429,999,1932,644,No medal
2430,2311,1932,204,No medal
2431,2358,1932,407,No medal
2432,2358,1932,406,No medal
2433,2367,1932,198,No medal
2434,1265,1932,717,No medal
2435,1265,1932,709,No medal
2436,1500,1932,410,No medal
2437,1500,1932,407,No medal
2438,1283,1932,207,No medal
2439,2638,1932,717,No medal
2440,2638,1932,709,No medal
2441,1486,1932,197,Gold
2442,1829,1932,85,No medal
2443,1829,1932,66,No medal
2444,1641,1932,196,No medal
2445,2530,1932,717,No medal
2446,2678,1932,71,No medal
2447,1270,1932,408,No medal
2448,2031,1932,199,Gold
2449,2126,1932,407,No medal
2450,2126,1932,406,No medal
2451,1227,1932,201,No medal
2452,992,1932,81,No medal
2453,1786,1932,717,No medal
2454,1134,1932,843,No medal
2455,2707,1932,407,No medal
2456,2707,1932,406,No medal
2457,933,1932,67,No medal
2458,1230,1932,70,No medal
2459,2708,1932,42,No medal
2460,2708,1932,42,No medal
2461,2209,1932,80,No medal
2462,2209,1932,87,No medal
2463,969,1932,64,No medal
2464,969,1932,78,No medal
2465,1272,1932,644,No medal
2466,963,1932,85,No medal
2467,963,1932,66,No medal
2468,2293,1932,711,No medal
2469,1630,1932,70,No medal
2470,1630,1932,67,No medal
2471,2035,1932,79,No medal
2472,2035,1932,84,No medal
2473,2035,1932,67,No medal
2474,1080,1932,205,Silver
2475,31363,1932,639,No medal
2476,31291,1932,42,No medal
2477,32742,1932,644,No medal
2478,32742,1932,639,No medal
2479,33088,1932,644,No medal
2480,30600,1932,639,No medal
2481,30439,1932,644,No medal
2482,31155,1932,604,Bronze
2483,33315,1932,77,No medal
2484,33303,1932,892,No medal
2485,33303,1932,899,No medal
2486,57755,1932,35,No medal
2487,57962,1932,35,No medal
2488,57610,1932,79,No medal
2489,57610,1932,75,Gold
2490,58255,1932,197,No medal
2491,57967,1932,35,No medal
2492,57967,1932,35,No medal
2493,58288,1932,35,No medal
2494,58346,1932,81,Gold
2495,58116,1932,71,No medal
2496,58409,1932,201,No medal
2497,58069,1932,35,No medal
2498,58164,1932,35,No medal
2499,58186,1932,196,No medal
2500,58268,1932,207,No medal
2501,58060,1932,88,No medal
2502,58361,1932,35,No medal
2503,57936,1932,35,No medal
2504,30326,1932,42,No medal
2505,30326,1932,42,No medal
2506,30326,1932,42,No medal
2507,30326,1932,42,No medal
2508,101658,1932,887,Gold
2509,100425,1932,18,No medal
2510,101691,1932,35,No medal
2511,101691,1932,35,No medal
2512,101691,1932,35,No medal
2513,101691,1932,35,No medal
2514,101691,1932,34,Gold
2515,101720,1932,41,No medal
2516,101720,1932,41,No medal
2517,101720,1932,41,No medal
2518,102189,1932,399,No medal
2519,102189,1932,398,Bronze
2520,102189,1932,397,No medal
2521,102189,1932,396,Bronze
2522,102282,1932,35,No medal
2523,102282,1932,35,No medal
2524,102282,1932,32,No medal
2525,100426,1932,880,No medal
2526,101626,1932,881,No medal
2527,100721,1932,604,No medal
2528,100487,1932,410,No medal
2529,100487,1932,521,No medal
2530,102314,1932,891,Gold
2531,102271,1932,88,Silver
2532,102271,1932,84,No medal
2533,101968,1932,609,Bronze
2534,100671,1932,41,No medal
2535,100786,1932,64,No medal
2536,100999,1932,81,No medal
2537,102011,1932,890,Silver
2538,100369,1932,372,No medal
2539,100522,1932,35,No medal
2540,100522,1932,35,No medal
2541,100743,1932,35,No medal
2542,101416,1932,35,No medal
2543,101416,1932,35,No medal
2544,100706,1932,395,Silver
2545,100706,1932,394,No medal
2546,101028,1932,644,Gold
2547,100787,1932,886,Gold
2548,101727,1932,75,No medal
2549,101727,1932,74,No medal
2550,101029,1932,76,No medal
2551,100837,1932,521,Gold
2552,101531,1932,35,No medal
2553,101531,1932,35,No medal
2554,102335,1932,64,No medal
2555,101204,1932,41,No medal
2556,100840,1932,304,No medal
2557,101618,1932,893,Gold
2558,100617,1932,41,No medal
2559,100789,1932,20,No medal
2560,100909,1932,706,No medal
2561,100909,1932,709,No medal
2562,102286,1932,410,No medal
2563,100731,1932,41,No medal
2564,100731,1932,41,No medal
2565,100731,1932,41,No medal
2566,102217,1932,410,No medal
2567,102217,1932,521,Silver
2568,100550,1932,66,No medal
2569,100550,1932,76,No medal
2570,100851,1932,883,No medal
2571,102137,1932,898,No medal
2572,101360,1932,35,No medal
2573,100776,1932,644,No medal
2574,100843,1932,35,No medal
2575,100843,1932,35,No medal
2576,100843,1932,35,No medal
2577,100843,1932,35,No medal
2578,102117,1932,41,No medal
2579,100407,1932,892,Bronze
2580,101449,1932,882,Bronze
2581,100699,1932,41,No medal
2582,101433,1932,894,Gold
2583,101433,1932,899,Gold
2584,102004,1932,81,No medal
2585,101731,1932,35,No medal
2586,101731,1932,35,No medal
2587,101731,1932,35,No medal
2588,100736,1932,601,Gold
2589,101156,1932,305,Bronze
2590,101156,1932,304,No medal
2591,101648,1932,601,Gold
2592,101434,1932,711,No medal
2593,101444,1932,399,No medal
2594,101444,1932,398,No medal
2595,101444,1932,397,No medal
2596,101444,1932,396,No medal
2597,102340,1932,41,No medal
2598,100976,1932,35,No medal
2599,102441,1932,41,No medal
2600,101176,1932,399,No medal
2601,101176,1932,398,No medal
2602,101176,1932,397,No medal
2603,101176,1932,396,No medal
2604,101220,1932,40,No medal
2605,102277,1932,41,No medal
2606,100691,1932,41,No medal
2607,100691,1932,41,No medal
2608,100766,1932,197,Bronze
2609,102187,1932,41,No medal
2610,101208,1932,41,No medal
2611,101103,1932,895,Bronze
2612,102159,1932,395,Silver
2613,102159,1932,394,No medal
2614,100977,1932,305,Bronze
2615,100977,1932,304,Bronze
2616,101778,1932,395,Silver
2617,101778,1932,394,No medal
2618,100978,1932,41,No medal
2619,100978,1932,41,No medal
2620,101758,1932,19,No medal
2621,101758,1932,19,No medal
2622,101758,1932,19,No medal
2623,101758,1932,19,No medal
2624,101237,1932,601,Gold
2625,102141,1932,305,Bronze
2626,102141,1932,304,No medal
2627,100675,1932,609,Bronze
2628,101412,1932,35,No medal
2629,101412,1932,35,No medal
2630,100414,1932,75,No medal
2631,100414,1932,74,No medal
2632,102415,1932,644,No medal
2633,102280,1932,207,No medal
2634,100591,1932,601,Gold
2635,100901,1932,204,Silver
2636,15468,1932,42,No medal
2637,14302,1932,42,No medal
2638,56500,1932,72,No medal
2639,56500,1932,70,No medal
2640,56500,1932,67,No medal
2641,56179,1932,464,Gold
2642,56530,1932,72,No medal
2643,56530,1932,68,No medal
2644,56530,1932,67,No medal
2645,56665,1932,464,Gold
2646,55967,1932,464,Gold
2647,56439,1932,464,Gold
2648,56897,1932,464,Gold
2649,56780,1932,464,Gold
2650,56210,1932,704,No medal
2651,56210,1932,718,No medal
2652,56197,1932,464,Gold
2653,56125,1932,464,Gold
2654,56819,1932,464,Gold
2655,55995,1932,88,No medal
2656,55995,1932,72,No medal
2657,56902,1932,464,Gold
2658,56354,1932,72,No medal
2659,56354,1932,464,Gold
2660,55935,1932,464,Gold
2661,56741,1932,464,Gold
2662,56658,1932,464,Gold
2663,56282,1932,464,Gold
2664,9520,1932,35,No medal
2665,9709,1932,18,Bronze
2666,10058,1932,41,No medal
2667,10264,1932,19,No medal
2668,10513,1932,35,No medal
2669,10555,1932,18,No medal
2670,10491,1932,41,No medal
2671,10491,1932,41,No medal
2672,10491,1932,41,No medal
2673,10491,1932,41,No medal
2674,10491,1932,41,No medal
2675,10491,1932,41,No medal
2676,10491,1932,41,No medal
2677,10214,1932,32,No medal
2678,9437,1932,411,No medal
2679,9437,1932,410,No medal
2680,9528,1932,41,No medal
2681,10110,1932,411,No medal
2682,10110,1932,406,No medal
2683,10135,1932,19,No medal
2684,10387,1932,411,No medal
2685,10387,1932,410,No medal
2686,9876,1932,411,No medal
2687,10323,1932,35,No medal
2688,10427,1932,35,No medal
2689,10427,1932,35,No medal
2690,10427,1932,35,No medal
2691,10427,1932,35,No medal
2692,10427,1932,35,No medal
2693,10427,1932,35,No medal
2694,9248,1932,35,No medal
2695,9248,1932,35,No medal
2696,9741,1932,35,No medal
2697,9873,1932,41,No medal
2698,9873,1932,41,No medal
2699,9702,1932,19,No medal
2700,9853,1932,41,No medal
2701,9742,1932,41,No medal
2702,9742,1932,41,No medal
2703,9483,1932,35,No medal
2704,9483,1932,35,No medal
2705,9483,1932,35,No medal
2706,9483,1932,35,No medal
2707,9483,1932,35,No medal
2708,9483,1932,35,No medal
2709,9483,1932,35,No medal
2710,9483,1932,35,No medal
2711,9714,1932,41,No medal
2712,9714,1932,41,No medal
2713,9714,1932,41,No medal
2714,9714,1932,41,No medal
2715,9902,1932,408,No medal
2716,9902,1932,406,No medal
2717,10251,1932,19,No medal
2718,9751,1932,411,No medal
2719,9751,1932,410,No medal
2720,9516,1932,41,No medal
2721,9707,1932,41,No medal
2722,9158,1932,35,No medal
2723,10115,1932,35,No medal
2724,9411,1932,35,No medal
2725,10413,1932,35,No medal
2726,9554,1932,35,No medal
2727,9554,1932,35,No medal
2728,9554,1932,35,No medal
2729,9554,1932,35,No medal
2730,9493,1932,412,No medal
2731,9734,1932,35,No medal
2732,9734,1932,35,No medal
2733,20671,1932,70,No medal
2734,20671,1932,67,No medal
2735,52628,1932,67,No medal
2736,52575,1932,25,No medal
2737,52564,1932,84,No medal
2738,51667,1932,880,No medal
2739,51667,1932,881,No medal
2740,51576,1932,88,No medal
2741,51035,1932,77,No medal
2742,51744,1932,72,No medal
2743,51744,1932,75,No medal
2744,50761,1932,201,No medal
2745,51190,1932,72,No medal
2746,51190,1932,75,No medal
2747,51190,1932,68,No medal
2748,51190,1932,74,No medal
2749,51968,1932,72,No medal
2750,51968,1932,67,No medal
2751,51392,1932,72,No medal
2752,50867,1932,882,No medal
2753,51880,1932,86,No medal
2754,65581,1932,717,Gold
2755,66391,1932,72,No medal
2756,66391,1932,70,No medal
2757,66391,1932,67,No medal
2758,66649,1932,899,No medal
2759,64601,1932,717,Gold
2760,64601,1932,718,No medal
2761,67158,1932,722,No medal
2762,67158,1932,731,No medal
2763,64320,1932,399,No medal
2764,64320,1932,398,No medal
2765,67360,1932,35,No medal
2766,65391,1932,98,No medal
2767,65391,1932,92,No medal
2768,65680,1932,464,Silver
2769,64060,1932,711,Gold
2770,67222,1932,85,No medal
2771,67491,1932,35,No medal
2772,67575,1932,717,Gold
2773,65030,1932,820,No medal
2774,67768,1932,546,No medal
2775,65939,1932,546,No medal
2776,64743,1932,66,No medal
2777,64743,1932,76,No medal
2778,67470,1932,41,No medal
2779,65456,1932,441,No medal
2780,65456,1932,449,No medal
2781,65456,1932,444,No medal
2782,64717,1932,35,No medal
2783,66297,1932,820,No medal
2784,66151,1932,709,No medal
2785,64623,1932,547,No medal
2786,64086,1932,84,No medal
2787,64569,1932,35,No medal
2788,67446,1932,892,No medal
2789,64244,1932,547,No medal
2790,67447,1932,83,No medal
2791,66351,1932,718,No medal
2792,66129,1932,464,Silver
2793,64514,1932,204,No medal
2794,65031,1932,109,No medal
2795,66653,1932,547,No medal
2796,66994,1932,92,No medal
2797,67015,1932,464,Silver
2798,67261,1932,820,No medal
2799,66673,1932,35,No medal
2800,65433,1932,447,No medal
2801,65433,1932,445,No medal
2802,65433,1932,441,No medal
2803,65433,1932,449,No medal
2804,65433,1932,444,No medal
2805,65046,1932,546,No medal
2806,64420,1932,35,No medal
2807,65273,1932,464,Silver
2808,66431,1932,35,No medal
2809,65745,1932,820,No medal
2810,66905,1932,108,No medal
2811,64495,1932,718,Bronze
2812,64162,1932,88,Bronze
2813,66970,1932,82,No medal
2814,64720,1932,35,No medal
2815,64458,1932,73,No medal
2816,64458,1932,74,No medal
2817,66034,1932,35,No medal
2818,67207,1932,88,No medal
2819,65077,1932,81,No medal
2820,65748,1932,546,No medal
2821,66971,1932,86,Silver
2822,65886,1932,73,No medal
2823,65886,1932,70,No medal
2824,65220,1932,396,Gold
2825,65805,1932,399,No medal
2826,65805,1932,398,No medal
2827,67580,1932,88,Gold
2828,67580,1932,84,Bronze
2829,67580,1932,72,No medal
2830,65507,1932,547,No medal
2831,67225,1932,369,No medal
2832,64979,1932,196,No medal
2833,66185,1932,98,No medal
2834,66185,1932,103,No medal
2835,67685,1932,464,Silver
2836,67708,1932,73,No medal
2837,67708,1932,72,No medal
2838,67708,1932,70,No medal
2839,67000,1932,711,No medal
2840,64248,1932,35,No medal
2841,64947,1932,464,Silver
2842,65134,1932,81,No medal
2843,67211,1932,83,No medal
2844,65018,1932,33,No medal
2845,63932,1932,98,No medal
2846,65265,1932,198,No medal
2847,64366,1932,35,No medal
2848,64366,1932,35,No medal
2849,67119,1932,731,No medal
2850,67119,1932,734,No medal
2851,65967,1932,86,No medal
2852,66907,1932,893,No medal
2853,65685,1932,717,Gold
2854,65685,1932,709,Gold
2855,66954,1932,41,No medal
2856,64752,1932,35,No medal
2857,65246,1932,725,No medal
2858,64012,1932,546,No medal
2859,65527,1932,820,No medal
2860,67661,1932,73,No medal
2861,67661,1932,74,No medal
2862,66001,1932,704,Silver
2863,64521,1932,35,No medal
2864,66433,1932,727,Silver
2865,66002,1932,35,No medal
2866,65051,1932,894,No medal
2867,64870,1932,35,No medal
2868,66051,1932,35,No medal
2869,64838,1932,898,No medal
2870,64228,1932,464,Silver
2871,64779,1932,447,No medal
2872,64779,1932,441,No medal
2873,64779,1932,449,No medal
2874,64779,1932,444,No medal
2875,64165,1932,464,Silver
2876,64307,1932,731,No medal
2877,64307,1932,725,No medal
2878,65492,1932,711,Silver
2879,64871,1932,35,No medal
2880,66052,1932,464,Silver
2881,65987,1932,19,No medal
2882,65987,1932,19,No medal
2883,67351,1932,369,No medal
2884,67069,1932,706,Gold
2885,67227,1932,41,No medal
2886,65269,1932,704,Gold
2887,66206,1932,66,No medal
2888,66206,1932,76,No medal
2889,65549,1932,85,No medal
2890,67741,1932,820,No medal
2891,67588,1932,82,No medal
2892,67292,1932,399,No medal
2893,67292,1932,398,No medal
2894,66496,1932,706,Bronze
2895,65310,1932,41,No medal
2896,67716,1932,35,No medal
2897,67716,1932,35,No medal
2898,65054,1932,35,No medal
2899,67353,1932,709,Silver
2900,67195,1932,883,No medal
2901,64650,1932,35,No medal
2902,65635,1932,35,No medal
2903,67590,1932,197,No medal
2904,65848,1932,372,No medal
2905,65848,1932,373,No medal
2906,67216,1932,441,No medal
2907,67216,1932,449,No medal
2908,67216,1932,444,No medal
2909,65691,1932,109,No medal
2910,65691,1932,105,No medal
2911,67641,1932,704,No medal
2912,65531,1932,19,No medal
2913,64698,1932,368,No medal
2914,66023,1932,706,Silver
2915,67744,1932,464,Silver
2916,64210,1932,396,No medal
2917,63995,1932,41,No medal
2918,63995,1932,41,No medal
2919,66867,1932,35,No medal
2920,65038,1932,546,No medal
2921,64808,1932,35,No medal
2922,67462,1932,441,No medal
2923,67462,1932,449,No medal
2924,67462,1932,444,No medal
2925,64558,1932,108,No medal
2926,65118,1932,207,No medal
2927,64168,1932,41,No medal
2928,64169,1932,882,No medal
2929,65668,1932,41,No medal
2930,67784,1932,546,No medal
2931,65596,1932,464,Silver
2932,67182,1932,41,No medal
2933,63980,1932,442,No medal
2934,63980,1932,445,No medal
2935,66171,1932,85,No medal
2936,66894,1932,35,No medal
2937,66894,1932,35,No medal
2938,67786,1932,35,No medal
2939,67698,1932,546,No medal
2940,65715,1932,68,No medal
2941,63997,1932,820,No medal
2942,66008,1932,41,No medal
2943,67645,1932,35,No medal
2944,67848,1932,546,No medal
2945,64729,1932,35,No medal
2946,67389,1932,820,No medal
2947,65573,1932,98,No medal
2948,65573,1932,92,No medal
2949,64080,1932,75,No medal
2950,64080,1932,74,No medal
2951,64313,1932,547,No medal
2952,65204,1932,731,No medal
2953,65204,1932,725,No medal
2954,66055,1932,35,No medal
2955,67828,1932,72,No medal
2956,67828,1932,67,No medal
2957,72281,1932,35,No medal
2958,72281,1932,35,No medal
2959,72281,1932,35,No medal
2960,72281,1932,35,No medal
2961,72281,1932,35,No medal
2962,72281,1932,35,No medal
2963,72281,1932,35,No medal
2964,72155,1932,25,No medal
2965,72346,1932,79,No medal
2966,72179,1932,77,Silver
2967,72397,1932,35,No medal
2968,72397,1932,35,No medal
2969,72397,1932,35,No medal
